T_target,T_band,W_target,W_band,N_target,val_odul_ort,val_odul_std,val_verim_ort
14.0,10.0,0.35,0.03,350.0,127.867,5.314,6.1801
14.0,10.0,0.35,0.03,450.0,127.646,5.349,6.1802
14.0,10.0,0.35,0.03,600.0,127.646,5.35,6.1802
14.0,10.0,0.35,0.03,250.0,127.55,5.441,6.1496
12.0,10.0,0.35,0.03,350.0,127.452,5.341,6.1613
12.0,10.0,0.35,0.03,450.0,127.229,5.376,6.1614
12.0,10.0,0.35,0.03,600.0,127.229,5.376,6.1614
12.0,10.0,0.35,0.03,250.0,127.095,5.469,6.1289
12.0,15.0,0.35,0.03,350.0,127.069,5.078,6.1438
16.0,10.0,0.35,0.03,350.0,126.942,5.282,6.1381
12.0,15.0,0.35,0.03,450.0,126.843,5.112,6.1439
12.0,15.0,0.35,0.03,600.0,126.843,5.112,6.1439
12.0,15.0,0.35,0.03,250.0,126.726,5.194,6.1121
16.0,10.0,0.35,0.03,450.0,126.715,5.317,6.1381
16.0,10.0,0.35,0.03,600.0,126.715,5.318,6.1381
14.0,5.0,0.35,0.03,350.0,126.682,5.403,6.1264
16.0,10.0,0.35,0.03,250.0,126.572,5.415,6.1051
16.0,5.0,0.35,0.03,350.0,126.503,5.535,6.118
14.0,5.0,0.35,0.03,450.0,126.454,5.439,6.1265
14.0,5.0,0.35,0.03,600.0,126.453,5.44,6.1265
16.0,5.0,0.35,0.03,450.0,126.273,5.572,6.118
16.0,5.0,0.35,0.03,600.0,126.273,5.572,6.118
14.0,5.0,0.35,0.03,250.0,126.252,5.535,6.0907
16.0,5.0,0.35,0.03,250.0,126.054,5.681,6.0814
18.0,5.0,0.35,0.03,350.0,125.489,5.573,6.0721
12.0,5.0,0.35,0.03,350.0,125.279,5.596,6.063
18.0,5.0,0.35,0.03,450.0,125.252,5.61,6.0721
18.0,5.0,0.35,0.03,600.0,125.252,5.611,6.0721
12.0,5.0,0.35,0.03,450.0,125.043,5.632,6.0631
12.0,5.0,0.35,0.03,600.0,125.042,5.633,6.0631
18.0,5.0,0.35,0.03,250.0,124.947,5.71,6.0312
14.0,15.0,0.35,0.03,350.0,124.822,4.744,6.0414
12.0,5.0,0.35,0.03,250.0,124.723,5.74,6.0215
14.0,15.0,0.35,0.03,450.0,124.582,4.775,6.0414
14.0,15.0,0.35,0.03,600.0,124.581,4.776,6.0414
14.0,15.0,0.35,0.03,250.0,124.414,4.837,6.0066
18.0,10.0,0.35,0.03,350.0,123.7,4.864,5.9905
18.0,10.0,0.35,0.03,450.0,123.453,4.895,5.9905
18.0,10.0,0.35,0.03,600.0,123.451,4.896,5.9905
18.0,10.0,0.35,0.03,250.0,123.15,4.975,5.9493
20.0,5.0,0.35,0.03,350.0,122.234,5.713,5.925
20.0,5.0,0.35,0.03,450.0,121.979,5.747,5.9251
20.0,5.0,0.35,0.03,600.0,121.976,5.751,5.9251
20.0,5.0,0.35,0.03,250.0,121.428,5.873,5.8721
14.0,10.0,0.35,0.01,250.0,120.605,4.514,5.8665
14.0,10.0,0.35,0.01,350.0,120.499,4.539,5.8665
14.0,10.0,0.35,0.01,450.0,120.499,4.539,5.8665
14.0,10.0,0.35,0.01,600.0,120.499,4.539,5.8665
12.0,10.0,0.35,0.01,250.0,120.418,4.537,5.8578
12.0,10.0,0.35,0.01,350.0,120.309,4.562,5.8578
12.0,10.0,0.35,0.01,450.0,120.309,4.562,5.8578
12.0,10.0,0.35,0.01,600.0,120.309,4.562,5.8578
14.0,5.0,0.35,0.01,250.0,119.855,4.585,5.8323
12.0,15.0,0.35,0.01,250.0,119.84,4.384,5.8319
14.0,5.0,0.35,0.01,350.0,119.743,4.611,5.8323
14.0,5.0,0.35,0.01,450.0,119.743,4.611,5.8323
14.0,5.0,0.35,0.01,600.0,119.743,4.611,5.8323
12.0,15.0,0.35,0.01,350.0,119.733,4.406,5.8319
12.0,15.0,0.35,0.01,450.0,119.733,4.406,5.8319
12.0,15.0,0.35,0.01,600.0,119.733,4.406,5.8319
16.0,15.0,0.35,0.03,350.0,119.665,4.488,5.8061
16.0,10.0,0.35,0.01,250.0,119.641,4.537,5.823
16.0,5.0,0.35,0.01,250.0,119.59,4.669,5.8201
12.0,20.0,0.35,0.03,350.0,119.567,4.407,5.8013
16.0,10.0,0.35,0.01,350.0,119.534,4.561,5.823
16.0,10.0,0.35,0.01,450.0,119.534,4.561,5.823
16.0,10.0,0.35,0.01,600.0,119.534,4.561,5.823
16.0,5.0,0.35,0.01,350.0,119.478,4.695,5.8201
16.0,5.0,0.35,0.01,450.0,119.478,4.695,5.8201
16.0,5.0,0.35,0.01,600.0,119.478,4.695,5.8201
16.0,15.0,0.35,0.03,450.0,119.394,4.514,5.8061
16.0,15.0,0.35,0.03,600.0,119.39,4.519,5.8061
12.0,20.0,0.35,0.03,450.0,119.296,4.432,5.8014
12.0,20.0,0.35,0.03,600.0,119.291,4.436,5.8014
16.0,15.0,0.35,0.03,250.0,119.132,4.561,5.7657
12.0,20.0,0.35,0.03,250.0,119.087,4.472,5.7633
12.0,5.0,0.35,0.01,250.0,118.666,4.806,5.7787
12.0,5.0,0.35,0.01,350.0,118.549,4.832,5.7787
12.0,5.0,0.35,0.01,450.0,118.549,4.832,5.7787
12.0,5.0,0.35,0.01,600.0,118.549,4.832,5.7787
18.0,5.0,0.35,0.01,250.0,118.515,4.805,5.7718
18.0,5.0,0.35,0.01,350.0,118.403,4.831,5.7718
18.0,5.0,0.35,0.01,450.0,118.403,4.831,5.7718
18.0,5.0,0.35,0.01,600.0,118.403,4.831,5.7718
14.0,10.0,0.33,0.01,350.0,118.086,5.159,5.7366
14.0,15.0,0.35,0.01,250.0,117.872,4.175,5.7423
14.0,10.0,0.33,0.01,450.0,117.808,5.187,5.7367
14.0,10.0,0.33,0.01,600.0,117.8,5.194,5.7367
12.0,10.0,0.33,0.01,350.0,117.797,5.138,5.7236
14.0,15.0,0.35,0.01,350.0,117.755,4.196,5.7423
14.0,15.0,0.35,0.01,450.0,117.755,4.196,5.7423
14.0,15.0,0.35,0.01,600.0,117.755,4.196,5.7423
12.0,15.0,0.33,0.01,350.0,117.585,5.006,5.7138
12.0,10.0,0.33,0.01,450.0,117.517,5.165,5.7237
12.0,10.0,0.33,0.01,600.0,117.509,5.173,5.7237
16.0,10.0,0.33,0.01,350.0,117.401,5.088,5.7056
14.0,10.0,0.33,0.01,250.0,117.318,5.259,5.6855
12.0,15.0,0.33,0.01,450.0,117.303,5.032,5.7139
12.0,15.0,0.33,0.01,600.0,117.295,5.039,5.7139
16.0,10.0,0.33,0.01,450.0,117.119,5.115,5.7057
16.0,10.0,0.33,0.01,600.0,117.11,5.122,5.7057
14.0,5.0,0.33,0.01,350.0,117.076,5.229,5.691
12.0,10.0,0.33,0.01,250.0,116.855,5.274,5.6645
16.0,5.0,0.33,0.01,350.0,116.805,5.461,5.6782
14.0,5.0,0.33,0.01,450.0,116.792,5.256,5.6911
14.0,5.0,0.33,0.01,600.0,116.783,5.264,5.6911
18.0,10.0,0.35,0.01,250.0,116.774,4.298,5.6928
12.0,15.0,0.33,0.01,250.0,116.734,5.023,5.659
18.0,10.0,0.35,0.01,350.0,116.656,4.319,5.6928
18.0,10.0,0.35,0.01,450.0,116.656,4.319,5.6928
18.0,10.0,0.35,0.01,600.0,116.656,4.319,5.6928
16.0,5.0,0.33,0.01,450.0,116.521,5.489,5.6783
16.0,5.0,0.33,0.01,600.0,116.51,5.498,5.6783
16.0,10.0,0.33,0.01,250.0,116.434,5.23,5.6453
14.0,10.0,0.35,0.1,350.0,116.34,4.884,5.6606
20.0,10.0,0.35,0.03,350.0,116.176,4.613,5.6474
12.0,10.0,0.35,0.1,350.0,116.079,4.909,5.6488
14.0,5.0,0.33,0.01,250.0,116.072,5.398,5.629
14.0,10.0,0.35,0.1,450.0,116.052,4.908,5.6607
14.0,10.0,0.35,0.1,600.0,116.042,4.916,5.6607
20.0,10.0,0.35,0.03,450.0,115.887,4.636,5.6476
20.0,10.0,0.35,0.03,600.0,115.877,4.644,5.6476
12.0,10.0,0.35,0.1,450.0,115.791,4.933,5.6489
12.0,10.0,0.35,0.1,600.0,115.78,4.942,5.6489
16.0,5.0,0.33,0.01,250.0,115.757,5.513,5.6144
18.0,5.0,0.33,0.01,350.0,115.75,5.425,5.6305
14.0,10.0,0.35,0.03,150.0,115.702,4.972,5.5954
14.0,10.0,0.35,0.1,250.0,115.646,4.948,5.6129
12.0,5.0,0.33,0.01,350.0,115.618,5.468,5.6252
18.0,5.0,0.33,0.01,450.0,115.461,5.45,5.6306
14.0,15.0,0.33,0.01,350.0,115.458,4.477,5.6168
18.0,5.0,0.33,0.01,600.0,115.448,5.461,5.6306
20.0,5.0,0.35,0.01,250.0,115.401,5.028,5.6318
12.0,15.0,0.35,0.1,350.0,115.4,4.65,5.6178
14.0,5.0,0.35,0.1,350.0,115.399,4.968,5.6181
12.0,10.0,0.35,0.1,250.0,115.362,4.976,5.6001
20.0,10.0,0.35,0.03,250.0,115.335,4.706,5.593
12.0,5.0,0.33,0.01,450.0,115.329,5.493,5.6253
12.0,5.0,0.33,0.01,600.0,115.316,5.504,5.6253
20.0,5.0,0.35,0.01,350.0,115.281,5.052,5.6318
20.0,5.0,0.35,0.01,450.0,115.281,5.052,5.6318
20.0,5.0,0.35,0.01,600.0,115.281,5.052,5.6318
16.0,10.0,0.35,0.1,350.0,115.247,4.833,5.6109
12.0,10.0,0.35,0.03,150.0,115.242,4.997,5.5745
16.0,5.0,0.35,0.1,350.0,115.18,5.081,5.6078
14.0,15.0,0.33,0.01,450.0,115.166,4.497,5.617
14.0,15.0,0.33,0.01,600.0,115.154,4.507,5.617
12.0,15.0,0.35,0.1,450.0,115.108,4.672,5.6179
14.0,5.0,0.35,0.1,450.0,115.108,4.992,5.6182
12.0,15.0,0.35,0.1,600.0,115.096,4.682,5.6179
14.0,5.0,0.35,0.1,600.0,115.095,5.002,5.6182
12.0,15.0,0.35,0.03,150.0,114.989,4.75,5.563
16.0,10.0,0.35,0.1,450.0,114.955,4.856,5.6111
16.0,10.0,0.35,0.1,600.0,114.942,4.866,5.6111
16.0,5.0,0.35,0.1,450.0,114.887,5.105,5.608
16.0,5.0,0.35,0.1,600.0,114.874,5.115,5.608
16.0,10.0,0.35,0.03,150.0,114.805,4.963,5.5547
18.0,5.0,0.33,0.01,250.0,114.75,5.431,5.5687
12.0,15.0,0.35,0.1,250.0,114.68,4.705,5.5689
14.0,5.0,0.35,0.1,250.0,114.628,5.038,5.5669
12.0,5.0,0.33,0.01,250.0,114.62,5.533,5.5637
14.0,15.0,0.33,0.01,250.0,114.569,4.603,5.5602
16.0,10.0,0.35,0.1,250.0,114.502,4.899,5.5609
14.0,5.0,0.35,0.03,150.0,114.405,5.061,5.5366
16.0,5.0,0.35,0.1,250.0,114.391,5.161,5.5559
18.0,10.0,0.33,0.01,350.0,114.343,4.806,5.5663
16.0,5.0,0.35,0.03,150.0,114.207,5.21,5.5272
12.0,5.0,0.35,0.1,350.0,114.112,5.147,5.56
18.0,5.0,0.35,0.1,350.0,114.089,5.127,5.5585
18.0,10.0,0.33,0.01,450.0,114.046,4.827,5.5664
18.0,10.0,0.33,0.01,600.0,114.031,4.838,5.5664
12.0,5.0,0.35,0.1,450.0,113.816,5.169,5.5601
12.0,5.0,0.35,0.1,600.0,113.8,5.182,5.5601
18.0,5.0,0.35,0.1,450.0,113.792,5.149,5.5586
18.0,5.0,0.35,0.1,600.0,113.776,5.161,5.5586
14.0,10.0,0.33,0.03,350.0,113.522,4.988,5.5305
16.0,15.0,0.35,0.01,250.0,113.397,4.04,5.5381
12.0,20.0,0.35,0.01,250.0,113.378,3.95,5.5367
18.0,10.0,0.33,0.01,250.0,113.268,4.871,5.5011
16.0,15.0,0.35,0.01,350.0,113.253,4.06,5.5381
16.0,15.0,0.35,0.01,450.0,113.253,4.06,5.5381
16.0,15.0,0.35,0.01,600.0,113.253,4.06,5.5381
12.0,5.0,0.35,0.1,250.0,113.242,5.226,5.5042
12.0,20.0,0.35,0.01,350.0,113.229,3.968,5.5367
12.0,20.0,0.35,0.01,450.0,113.229,3.968,5.5367
12.0,20.0,0.35,0.01,600.0,113.229,3.968,5.5367
14.0,10.0,0.33,0.03,450.0,113.222,5.009,5.5306
18.0,5.0,0.35,0.1,250.0,113.218,5.197,5.5028
14.0,10.0,0.33,0.03,600.0,113.205,5.022,5.5306
12.0,10.0,0.33,0.03,350.0,113.134,5.011,5.513
18.0,5.0,0.35,0.03,150.0,113.12,5.218,5.478
14.0,15.0,0.35,0.1,350.0,113.033,4.319,5.51
14.0,15.0,0.35,0.03,150.0,112.955,4.443,5.4704
12.0,5.0,0.35,0.03,150.0,112.895,5.26,5.4683
14.0,10.0,0.35,0.01,150.0,112.891,4.413,5.4938
12.0,10.0,0.33,0.03,450.0,112.833,5.031,5.5131
12.0,10.0,0.33,0.03,600.0,112.815,5.044,5.5131
12.0,15.0,0.33,0.03,350.0,112.783,4.762,5.4969
20.0,5.0,0.33,0.01,350.0,112.738,5.551,5.4946
14.0,15.0,0.35,0.1,450.0,112.731,4.336,5.5101
14.0,15.0,0.35,0.1,600.0,112.713,4.348,5.5101
16.0,10.0,0.33,0.03,350.0,112.611,4.965,5.4891
14.0,10.0,0.33,0.03,250.0,112.55,5.04,5.4702
14.0,20.0,0.35,0.03,350.0,112.534,4.178,5.4801
12.0,10.0,0.35,0.01,150.0,112.489,4.43,5.4752
12.0,15.0,0.33,0.03,450.0,112.48,4.781,5.4971
12.0,15.0,0.33,0.03,600.0,112.461,4.794,5.4971
20.0,5.0,0.33,0.01,450.0,112.436,5.572,5.4948
20.0,5.0,0.33,0.01,600.0,112.416,5.588,5.4948
14.0,5.0,0.33,0.03,350.0,112.373,5.072,5.4785
12.0,15.0,0.35,0.01,150.0,112.341,4.299,5.4691
16.0,10.0,0.33,0.03,450.0,112.307,4.985,5.4892
16.0,10.0,0.33,0.03,600.0,112.288,4.998,5.4892
14.0,15.0,0.35,0.1,250.0,112.266,4.357,5.459
14.0,20.0,0.35,0.03,450.0,112.229,4.194,5.4803
14.0,20.0,0.35,0.03,600.0,112.21,4.206,5.4803
12.0,10.0,0.33,0.03,250.0,112.131,5.063,5.4512
16.0,10.0,0.35,0.01,150.0,112.116,4.471,5.459
16.0,5.0,0.33,0.03,350.0,112.107,5.209,5.4661
14.0,5.0,0.33,0.03,450.0,112.069,5.092,5.4787
14.0,5.0,0.33,0.03,600.0,112.048,5.106,5.4787
14.0,20.0,0.35,0.03,250.0,111.998,4.228,5.4397
18.0,10.0,0.35,0.1,350.0,111.908,4.416,5.459
16.0,5.0,0.33,0.03,450.0,111.803,5.229,5.4662
12.0,15.0,0.33,0.03,250.0,111.799,4.805,5.436
16.0,5.0,0.33,0.03,600.0,111.781,5.244,5.4662
14.0,5.0,0.35,0.01,150.0,111.728,4.486,5.4404
18.0,10.0,0.35,0.03,150.0,111.658,4.582,5.4115
18.0,10.0,0.35,0.1,450.0,111.602,4.432,5.4592
16.0,10.0,0.33,0.03,250.0,111.601,5.021,5.427
18.0,10.0,0.35,0.1,600.0,111.581,4.446,5.4592
16.0,5.0,0.35,0.01,150.0,111.524,4.604,5.431
20.0,5.0,0.33,0.01,250.0,111.479,5.567,5.4211
14.0,5.0,0.33,0.03,250.0,111.313,5.125,5.4142
18.0,5.0,0.33,0.03,350.0,111.076,5.227,5.4194
12.0,5.0,0.33,0.03,350.0,111.059,5.253,5.4193
16.0,5.0,0.33,0.03,250.0,111.028,5.275,5.4008
18.0,10.0,0.35,0.1,250.0,111.023,4.467,5.4027
18.0,5.0,0.33,0.03,450.0,110.768,5.245,5.4196
12.0,5.0,0.33,0.03,450.0,110.751,5.271,5.4195
18.0,5.0,0.33,0.03,600.0,110.743,5.261,5.4196
12.0,5.0,0.33,0.03,600.0,110.726,5.288,5.4195
14.0,15.0,0.35,0.01,150.0,110.712,4.134,5.3952
20.0,5.0,0.35,0.1,350.0,110.688,5.261,5.4049
16.0,15.0,0.33,0.01,350.0,110.68,4.375,5.3989
14.0,15.0,0.33,0.03,350.0,110.669,4.447,5.4005
12.0,20.0,0.33,0.01,350.0,110.518,4.318,5.3914
18.0,5.0,0.35,0.01,150.0,110.475,4.669,5.3838
20.0,5.0,0.35,0.1,450.0,110.379,5.278,5.4051
16.0,15.0,0.33,0.01,450.0,110.369,4.39,5.3991
14.0,15.0,0.33,0.03,450.0,110.358,4.462,5.4007
20.0,5.0,0.35,0.1,600.0,110.353,5.296,5.4051
16.0,15.0,0.33,0.01,600.0,110.344,4.404,5.3991
14.0,15.0,0.33,0.03,600.0,110.333,4.477,5.4007
18.0,15.0,0.35,0.03,350.0,110.321,4.263,5.3795
12.0,5.0,0.35,0.01,150.0,110.32,4.712,5.3765
20.0,10.0,0.35,0.01,250.0,110.243,4.214,5.3953
12.0,20.0,0.33,0.01,450.0,110.207,4.333,5.3916
12.0,20.0,0.33,0.01,600.0,110.181,4.347,5.3916
20.0,10.0,0.35,0.01,350.0,110.091,4.232,5.3953
20.0,10.0,0.35,0.01,450.0,110.091,4.232,5.3953
20.0,10.0,0.35,0.01,600.0,110.091,4.232,5.3953
18.0,15.0,0.35,0.03,450.0,110.01,4.277,5.3797
18.0,15.0,0.35,0.03,600.0,109.983,4.292,5.3797
18.0,5.0,0.33,0.03,250.0,109.923,5.28,5.3508
12.0,5.0,0.33,0.03,250.0,109.905,5.315,5.3507
20.0,5.0,0.35,0.03,150.0,109.768,5.39,5.3266
14.0,15.0,0.33,0.03,250.0,109.658,4.477,5.3385
16.0,15.0,0.33,0.01,250.0,109.643,4.426,5.3357
18.0,15.0,0.35,0.03,250.0,109.619,4.329,5.3315
20.0,5.0,0.35,0.1,250.0,109.594,5.351,5.339
12.0,20.0,0.33,0.01,250.0,109.58,4.327,5.3326
18.0,10.0,0.33,0.03,350.0,109.481,4.568,5.3466
18.0,10.0,0.35,0.01,150.0,109.457,4.282,5.3383
18.0,10.0,0.33,0.03,450.0,109.167,4.582,5.3468
18.0,10.0,0.33,0.03,600.0,109.137,4.598,5.3468
18.0,10.0,0.33,0.03,250.0,108.351,4.612,5.2791
16.0,15.0,0.35,0.03,150.0,108.221,4.211,5.2549
12.0,20.0,0.35,0.03,150.0,108.197,4.114,5.2535
20.0,5.0,0.33,0.03,350.0,107.992,5.361,5.2802
12.0,20.0,0.35,0.1,350.0,107.937,3.998,5.2775
16.0,15.0,0.35,0.1,350.0,107.905,4.058,5.2763
20.0,5.0,0.33,0.03,450.0,107.675,5.375,5.2805
20.0,5.0,0.33,0.03,600.0,107.639,5.396,5.2805
12.0,20.0,0.35,0.1,450.0,107.618,4.009,5.2778
16.0,15.0,0.35,0.1,450.0,107.586,4.07,5.2765
12.0,20.0,0.35,0.1,600.0,107.584,4.025,5.2778
16.0,15.0,0.35,0.1,600.0,107.551,4.085,5.2765
20.0,5.0,0.35,0.01,150.0,107.38,4.975,5.2445
12.0,20.0,0.35,0.1,250.0,107.15,4.018,5.2257
20.0,10.0,0.33,0.01,350.0,107.136,4.49,5.2379
14.0,20.0,0.35,0.01,250.0,107.113,3.798,5.2501
16.0,15.0,0.35,0.1,250.0,107.064,4.083,5.222
14.0,20.0,0.35,0.01,350.0,106.92,3.815,5.2501
14.0,20.0,0.35,0.01,450.0,106.92,3.815,5.2501
14.0,20.0,0.35,0.01,600.0,106.92,3.815,5.2501
20.0,10.0,0.33,0.01,450.0,106.816,4.501,5.2382
20.0,10.0,0.33,0.01,600.0,106.778,4.519,5.2382
20.0,5.0,0.33,0.03,250.0,106.651,5.433,5.2031
16.0,15.0,0.35,0.01,150.0,106.621,4.035,5.2087
12.0,20.0,0.35,0.01,150.0,106.541,3.915,5.2045
14.0,10.0,0.33,0.01,150.0,106.278,4.985,5.1686
20.0,10.0,0.33,0.01,250.0,105.864,4.588,5.1639
16.0,15.0,0.33,0.03,350.0,105.816,4.209,5.1794
12.0,20.0,0.33,0.03,350.0,105.755,4.126,5.1763
12.0,10.0,0.33,0.01,150.0,105.689,4.763,5.142
12.0,15.0,0.33,0.01,150.0,105.645,4.503,5.1398
16.0,10.0,0.33,0.01,150.0,105.495,4.829,5.1331
16.0,15.0,0.33,0.03,450.0,105.492,4.219,5.1797
16.0,15.0,0.33,0.03,600.0,105.449,4.237,5.1797
12.0,20.0,0.33,0.03,450.0,105.431,4.135,5.1767
12.0,20.0,0.33,0.03,600.0,105.387,4.153,5.1767
18.0,15.0,0.35,0.01,250.0,105.13,3.925,5.1602
14.0,5.0,0.33,0.01,150.0,104.947,4.888,5.1085
14.0,10.0,0.35,0.1,150.0,104.932,4.533,5.1112
18.0,15.0,0.35,0.01,350.0,104.93,3.942,5.1603
18.0,15.0,0.35,0.01,450.0,104.93,3.942,5.1603
18.0,15.0,0.35,0.01,600.0,104.93,3.942,5.1603
16.0,5.0,0.33,0.01,150.0,104.763,5.05,5.0996
16.0,15.0,0.33,0.03,250.0,104.759,4.228,5.1153
12.0,20.0,0.33,0.03,250.0,104.745,4.139,5.1144
12.0,10.0,0.35,0.1,150.0,104.633,4.559,5.0976
20.0,10.0,0.35,0.03,150.0,104.547,4.351,5.0879
20.0,10.0,0.35,0.1,350.0,104.476,4.174,5.1206
20.0,10.0,0.35,0.1,450.0,104.151,4.183,5.121
20.0,10.0,0.35,0.1,600.0,104.101,4.201,5.121
12.0,15.0,0.35,0.1,150.0,104.087,4.316,5.0728
14.0,10.0,0.31,0.01,350.0,104.034,4.792,5.0999
14.0,5.0,0.35,0.1,150.0,103.903,4.619,5.0646
16.0,10.0,0.35,0.1,150.0,103.885,4.503,5.0637
14.0,20.0,0.33,0.01,350.0,103.763,4.068,5.083
14.0,15.0,0.33,0.01,150.0,103.76,4.322,5.0543
14.0,10.0,0.31,0.01,450.0,103.708,4.801,5.1003
12.0,10.0,0.31,0.01,350.0,103.671,4.885,5.0834
16.0,5.0,0.35,0.1,150.0,103.671,4.745,5.0538
14.0,10.0,0.31,0.01,600.0,103.656,4.822,5.1003
18.0,5.0,0.33,0.01,150.0,103.607,4.956,5.0473
12.0,5.0,0.33,0.01,150.0,103.512,5.073,5.0436
12.0,15.0,0.31,0.01,350.0,103.463,4.522,5.0739
14.0,20.0,0.33,0.01,450.0,103.436,4.075,5.0834
20.0,10.0,0.35,0.1,250.0,103.392,4.216,5.0553
14.0,20.0,0.33,0.01,600.0,103.383,4.094,5.0834
12.0,10.0,0.31,0.01,450.0,103.344,4.894,5.0838
12.0,10.0,0.31,0.01,600.0,103.291,4.916,5.0838
20.0,10.0,0.35,0.01,150.0,103.23,4.217,5.0547
12.0,15.0,0.31,0.01,450.0,103.136,4.531,5.0743
12.0,15.0,0.31,0.01,600.0,103.082,4.551,5.0743
16.0,10.0,0.31,0.01,350.0,103.07,4.895,5.056
14.0,5.0,0.31,0.01,350.0,102.934,4.905,5.0501
14.0,10.0,0.33,0.1,350.0,102.924,4.57,5.0526
14.0,20.0,0.33,0.01,250.0,102.84,4.108,5.025
16.0,10.0,0.31,0.01,450.0,102.742,4.904,5.0564
14.0,10.0,0.31,0.01,250.0,102.695,4.763,5.0228
16.0,10.0,0.31,0.01,600.0,102.686,4.926,5.0564
12.0,10.0,0.33,0.1,350.0,102.666,4.592,5.0411
16.0,20.0,0.35,0.03,350.0,102.648,4.198,5.0287
14.0,5.0,0.31,0.01,450.0,102.606,4.913,5.0505
14.0,10.0,0.33,0.1,450.0,102.595,4.578,5.053
14.0,5.0,0.31,0.01,600.0,102.55,4.936,5.0505
14.0,10.0,0.33,0.1,600.0,102.539,4.599,5.053
12.0,5.0,0.35,0.1,150.0,102.535,4.805,5.0028
18.0,5.0,0.35,0.1,150.0,102.531,4.766,5.0023
18.0,10.0,0.33,0.01,150.0,102.53,4.481,4.9983
16.0,5.0,0.31,0.01,350.0,102.425,5.019,5.0266
20.0,10.0,0.33,0.03,350.0,102.352,4.324,5.022
12.0,10.0,0.33,0.1,450.0,102.337,4.6,5.0415
12.0,10.0,0.31,0.01,250.0,102.327,4.83,5.0062
16.0,20.0,0.35,0.03,450.0,102.316,4.206,5.029
12.0,10.0,0.33,0.1,600.0,102.279,4.622,5.0415
16.0,20.0,0.35,0.03,600.0,102.258,4.226,5.029
12.0,15.0,0.31,0.01,250.0,102.098,4.581,4.9958
16.0,5.0,0.31,0.01,450.0,102.097,5.028,5.0271
16.0,20.0,0.35,0.03,250.0,102.058,4.237,4.9859
12.0,15.0,0.33,0.1,350.0,102.057,4.349,5.0132
16.0,5.0,0.31,0.01,600.0,102.038,5.051,5.0271
20.0,10.0,0.33,0.03,450.0,102.024,4.33,5.0225
14.0,5.0,0.33,0.1,350.0,102.002,4.649,5.0111
20.0,10.0,0.33,0.03,600.0,101.965,4.35,5.0225
14.0,15.0,0.35,0.1,150.0,101.945,4.013,4.9754
14.0,10.0,0.33,0.03,150.0,101.918,4.613,4.9723
16.0,10.0,0.33,0.1,350.0,101.89,4.527,5.0057
14.0,20.0,0.35,0.03,150.0,101.814,3.902,4.9625
16.0,10.0,0.31,0.01,250.0,101.801,4.848,4.9823
14.0,10.0,0.33,0.1,250.0,101.771,4.577,4.9842
16.0,5.0,0.33,0.1,350.0,101.759,4.764,4.9997
12.0,15.0,0.33,0.1,450.0,101.727,4.356,5.0136
12.0,5.0,0.31,0.01,350.0,101.685,5.124,4.9938
14.0,5.0,0.33,0.1,450.0,101.672,4.656,5.0115
12.0,15.0,0.33,0.1,600.0,101.666,4.377,5.0136
18.0,15.0,0.33,0.01,350.0,101.637,4.174,4.9864
14.0,5.0,0.33,0.1,600.0,101.612,4.678,5.0115
16.0,10.0,0.33,0.1,450.0,101.56,4.535,5.0061
14.0,5.0,0.31,0.01,250.0,101.544,4.911,4.9708
16.0,10.0,0.33,0.1,600.0,101.499,4.556,5.0061
12.0,10.0,0.33,0.03,150.0,101.498,4.635,4.9533
12.0,10.0,0.33,0.1,250.0,101.494,4.602,4.9718
14.0,15.0,0.31,0.01,350.0,101.441,4.281,4.9818
16.0,5.0,0.33,0.1,450.0,101.428,4.772,5.0002
16.0,5.0,0.33,0.1,600.0,101.366,4.794,5.0002
12.0,5.0,0.31,0.01,450.0,101.356,5.131,4.9944
18.0,5.0,0.31,0.01,350.0,101.322,5.046,4.9766
18.0,15.0,0.33,0.01,450.0,101.307,4.18,4.9869
12.0,5.0,0.31,0.01,600.0,101.293,5.156,4.9944
12.0,15.0,0.33,0.03,150.0,101.265,4.404,4.9427
18.0,15.0,0.33,0.01,600.0,101.245,4.2,4.9869
14.0,20.0,0.35,0.1,350.0,101.14,3.783,4.9676
14.0,15.0,0.31,0.01,450.0,101.111,4.287,4.9823
20.0,10.0,0.33,0.03,250.0,101.059,4.357,4.9471
14.0,15.0,0.31,0.01,600.0,101.047,4.308,4.9823
16.0,10.0,0.33,0.03,150.0,101.045,4.612,4.9326
16.0,5.0,0.31,0.01,250.0,101.041,5.016,4.9476
18.0,5.0,0.31,0.01,450.0,100.992,5.052,4.9771
18.0,5.0,0.31,0.01,600.0,100.927,5.077,4.9771
12.0,15.0,0.33,0.1,250.0,100.894,4.351,4.9443
14.0,20.0,0.35,0.1,450.0,100.808,3.788,4.9681
14.0,5.0,0.33,0.1,250.0,100.79,4.659,4.94
12.0,5.0,0.33,0.1,350.0,100.782,4.819,4.9561
14.0,20.0,0.35,0.1,600.0,100.743,3.807,4.9681
16.0,10.0,0.33,0.1,250.0,100.704,4.537,4.9358
18.0,5.0,0.33,0.1,350.0,100.701,4.796,4.9519
14.0,5.0,0.33,0.03,150.0,100.692,4.697,4.9168
18.0,10.0,0.35,0.1,150.0,100.685,4.127,4.9183
18.0,15.0,0.33,0.01,250.0,100.658,4.204,4.9259
14.0,20.0,0.35,0.01,150.0,100.64,3.79,4.9348
20.0,5.0,0.33,0.01,150.0,100.611,5.123,4.9122
16.0,5.0,0.33,0.1,250.0,100.532,4.783,4.9279
12.0,5.0,0.33,0.1,450.0,100.45,4.826,4.9566
16.0,5.0,0.33,0.03,150.0,100.411,4.848,4.9036
12.0,5.0,0.33,0.1,600.0,100.384,4.85,4.9566
18.0,5.0,0.33,0.1,450.0,100.37,4.802,4.9524
14.0,20.0,0.35,0.1,250.0,100.352,3.792,4.9159
18.0,5.0,0.33,0.1,600.0,100.303,4.826,4.9524
12.0,5.0,0.31,0.01,250.0,100.235,5.059,4.9118
18.0,10.0,0.31,0.01,350.0,100.164,4.411,4.9238
14.0,15.0,0.31,0.01,250.0,100.145,4.205,4.907
14.0,15.0,0.33,0.1,350.0,99.851,4.038,4.9128
18.0,10.0,0.31,0.01,450.0,99.833,4.416,4.9244
18.0,5.0,0.31,0.01,250.0,99.78,5.167,4.8904
18.0,10.0,0.31,0.01,600.0,99.763,4.438,4.9244
18.0,15.0,0.35,0.03,150.0,99.596,4.01,4.8618
14.0,15.0,0.33,0.1,450.0,99.518,4.043,4.9133
12.0,5.0,0.33,0.1,250.0,99.497,4.837,4.8817
14.0,15.0,0.33,0.1,600.0,99.447,4.063,4.9133
18.0,5.0,0.33,0.1,250.0,99.412,4.806,4.8773
16.0,15.0,0.33,0.01,150.0,99.384,4.093,4.855
14.0,15.0,0.33,0.03,150.0,99.369,4.119,4.8564
18.0,5.0,0.33,0.03,150.0,99.332,4.839,4.8547
12.0,20.0,0.33,0.01,150.0,99.314,3.947,4.8516
12.0,5.0,0.33,0.03,150.0,99.308,4.883,4.8543
14.0,20.0,0.33,0.03,350.0,99.18,3.911,4.8764
20.0,5.0,0.35,0.1,150.0,99.092,4.93,4.847
18.0,15.0,0.35,0.1,350.0,98.881,3.842,4.865
14.0,20.0,0.33,0.03,450.0,98.846,3.915,4.877
14.0,20.0,0.33,0.03,600.0,98.771,3.935,4.877
18.0,10.0,0.33,0.1,350.0,98.73,4.135,4.862
14.0,15.0,0.33,0.1,250.0,98.675,4.031,4.8434
18.0,10.0,0.31,0.01,250.0,98.672,4.425,4.84
18.0,15.0,0.35,0.01,150.0,98.637,3.941,4.844
14.0,10.0,0.31,0.03,350.0,98.632,4.634,4.8558
18.0,15.0,0.35,0.1,450.0,98.547,3.845,4.8656
18.0,15.0,0.35,0.1,600.0,98.471,3.865,4.8656
18.0,10.0,0.33,0.1,450.0,98.396,4.139,4.8626
20.0,5.0,0.31,0.01,350.0,98.355,5.114,4.843
18.0,10.0,0.33,0.1,600.0,98.32,4.161,4.8626
14.0,10.0,0.31,0.03,450.0,98.299,4.639,4.8565
12.0,10.0,0.31,0.03,350.0,98.26,4.656,4.8391
14.0,10.0,0.31,0.03,600.0,98.222,4.663,4.8565
14.0,20.0,0.33,0.03,250.0,98.197,3.915,4.8159
16.0,20.0,0.35,0.01,250.0,98.154,3.871,4.8398
18.0,10.0,0.33,0.03,150.0,98.046,4.257,4.7963
20.0,5.0,0.31,0.01,450.0,98.024,5.116,4.8437
18.0,15.0,0.35,0.1,250.0,97.961,3.864,4.8073
12.0,15.0,0.31,0.03,350.0,97.948,4.423,4.8247
20.0,5.0,0.31,0.01,600.0,97.945,5.143,4.8437
12.0,10.0,0.31,0.03,450.0,97.928,4.659,4.8398
16.0,20.0,0.35,0.01,350.0,97.893,3.885,4.84
16.0,20.0,0.35,0.01,450.0,97.889,3.888,4.84
16.0,20.0,0.35,0.01,600.0,97.889,3.888,4.84
12.0,10.0,0.31,0.03,600.0,97.848,4.684,4.8398
16.0,10.0,0.31,0.03,350.0,97.791,4.612,4.8176
12.0,15.0,0.31,0.03,450.0,97.615,4.427,4.8254
14.0,5.0,0.31,0.03,350.0,97.545,4.712,4.8068
12.0,15.0,0.31,0.03,600.0,97.534,4.45,4.8254
20.0,5.0,0.33,0.1,350.0,97.506,4.923,4.8078
18.0,10.0,0.33,0.1,250.0,97.459,4.139,4.7883
16.0,10.0,0.31,0.03,450.0,97.458,4.616,4.8183
16.0,10.0,0.31,0.03,600.0,97.376,4.64,4.8183
12.0,20.0,0.35,0.1,150.0,97.352,3.707,4.7664
16.0,5.0,0.31,0.03,350.0,97.312,4.84,4.7959
16.0,15.0,0.35,0.1,150.0,97.259,3.778,4.7624
14.0,10.0,0.31,0.03,250.0,97.221,4.623,4.7757
14.0,5.0,0.31,0.03,450.0,97.212,4.715,4.8075
20.0,5.0,0.33,0.1,450.0,97.173,4.925,4.8085
14.0,5.0,0.31,0.03,600.0,97.129,4.74,4.8075
20.0,5.0,0.33,0.1,600.0,97.09,4.952,4.8085
18.0,15.0,0.33,0.03,350.0,97.026,3.995,4.7786
16.0,5.0,0.31,0.03,450.0,96.979,4.843,4.7966
16.0,15.0,0.31,0.01,350.0,96.926,4.054,4.7762
12.0,20.0,0.31,0.01,350.0,96.909,4.005,4.7753
16.0,5.0,0.31,0.03,600.0,96.894,4.869,4.7966
12.0,10.0,0.31,0.03,250.0,96.827,4.645,4.7579
18.0,15.0,0.33,0.03,450.0,96.693,3.997,4.7794
20.0,5.0,0.31,0.01,250.0,96.678,5.128,4.7507
18.0,15.0,0.33,0.03,600.0,96.607,4.019,4.7794
16.0,15.0,0.31,0.01,450.0,96.593,4.056,4.777
12.0,20.0,0.31,0.01,450.0,96.577,4.007,4.7761
12.0,15.0,0.31,0.03,250.0,96.536,4.408,4.7446
16.0,15.0,0.31,0.01,600.0,96.507,4.078,4.777
12.0,20.0,0.31,0.01,600.0,96.49,4.028,4.7761
16.0,10.0,0.31,0.03,250.0,96.359,4.606,4.7365
18.0,5.0,0.31,0.03,350.0,96.359,4.855,4.7528
12.0,5.0,0.31,0.03,350.0,96.306,4.881,4.7511
20.0,5.0,0.33,0.03,150.0,96.219,5.001,4.7144
20.0,15.0,0.35,0.03,350.0,96.106,4.072,4.7305
14.0,5.0,0.31,0.03,250.0,96.073,4.703,4.7239
20.0,5.0,0.33,0.1,250.0,96.063,4.95,4.7262
18.0,5.0,0.31,0.03,450.0,96.026,4.857,4.7536
14.0,15.0,0.31,0.03,350.0,95.989,4.128,4.7356
12.0,5.0,0.31,0.03,450.0,95.973,4.882,4.7519
18.0,5.0,0.31,0.03,600.0,95.937,4.883,4.7536
18.0,15.0,0.33,0.03,250.0,95.922,4.013,4.7125
12.0,5.0,0.31,0.03,600.0,95.883,4.909,4.7519
20.0,10.0,0.33,0.01,150.0,95.837,4.209,4.6939
16.0,5.0,0.31,0.03,250.0,95.828,4.839,4.7124
20.0,15.0,0.35,0.03,450.0,95.77,4.074,4.7311
20.0,15.0,0.35,0.03,600.0,95.678,4.096,4.7311
14.0,15.0,0.31,0.03,450.0,95.656,4.13,4.7364
12.0,20.0,0.31,0.01,250.0,95.618,3.934,4.7006
14.0,15.0,0.31,0.03,600.0,95.564,4.153,4.7364
16.0,15.0,0.31,0.01,250.0,95.564,4.035,4.6983
20.0,15.0,0.35,0.03,250.0,95.249,4.107,4.6757
12.0,20.0,0.33,0.1,350.0,95.099,3.735,4.6963
16.0,15.0,0.33,0.1,350.0,95.057,3.794,4.6946
12.0,20.0,0.33,0.03,150.0,94.958,3.814,4.6556
16.0,15.0,0.33,0.03,150.0,94.955,3.909,4.6557
18.0,10.0,0.31,0.03,350.0,94.884,4.241,4.6855
18.0,5.0,0.31,0.03,250.0,94.825,4.844,4.667
12.0,5.0,0.31,0.03,250.0,94.77,4.876,4.6653
12.0,20.0,0.33,0.1,450.0,94.764,3.736,4.6972
16.0,15.0,0.33,0.1,450.0,94.723,3.796,4.6955
12.0,20.0,0.33,0.1,600.0,94.668,3.757,4.6972
16.0,15.0,0.33,0.1,600.0,94.626,3.817,4.6955
14.0,15.0,0.31,0.03,250.0,94.581,4.107,4.6556
18.0,10.0,0.31,0.03,450.0,94.552,4.241,4.6865
18.0,10.0,0.31,0.03,600.0,94.454,4.265,4.6865
16.0,20.0,0.33,0.01,350.0,94.315,4.009,4.6518
16.0,20.0,0.33,0.01,450.0,93.975,4.011,4.6524
12.0,20.0,0.33,0.1,250.0,93.958,3.716,4.6286
16.0,20.0,0.33,0.01,600.0,93.873,4.034,4.6524
16.0,15.0,0.33,0.1,250.0,93.871,3.781,4.6249
20.0,10.0,0.35,0.1,150.0,93.717,3.91,4.6016
20.0,5.0,0.31,0.03,350.0,93.479,4.982,4.6231
16.0,20.0,0.33,0.01,250.0,93.467,4.056,4.5975
18.0,10.0,0.31,0.03,250.0,93.39,4.231,4.6017
14.0,20.0,0.33,0.01,150.0,93.318,3.771,4.5785
20.0,10.0,0.31,0.01,350.0,93.285,4.217,4.6108
20.0,5.0,0.31,0.03,450.0,93.148,4.979,4.6242
20.0,5.0,0.31,0.03,600.0,93.042,5.008,4.6242
20.0,10.0,0.31,0.01,450.0,92.955,4.216,4.612
14.0,10.0,0.31,0.01,150.0,92.864,4.414,4.562
20.0,10.0,0.31,0.01,600.0,92.848,4.24,4.612
16.0,20.0,0.35,0.03,150.0,92.797,3.929,4.5515
12.0,10.0,0.31,0.01,150.0,92.358,4.397,4.5391
12.0,15.0,0.31,0.01,150.0,92.302,4.193,4.5365
20.0,15.0,0.35,0.01,250.0,92.19,3.829,4.5682
14.0,10.0,0.33,0.1,150.0,92.153,4.205,4.5332
16.0,20.0,0.35,0.01,150.0,92.018,3.869,4.5405
16.0,10.0,0.31,0.01,150.0,91.943,4.478,4.5203
20.0,15.0,0.35,0.01,350.0,91.905,3.838,4.5684
20.0,15.0,0.35,0.01,450.0,91.896,3.843,4.5684
20.0,15.0,0.35,0.01,600.0,91.896,3.843,4.5684
12.0,10.0,0.33,0.1,150.0,91.865,4.229,4.5202
20.0,5.0,0.31,0.03,250.0,91.822,4.985,4.5319
20.0,10.0,0.31,0.01,250.0,91.773,4.267,4.5262
20.0,10.0,0.33,0.1,350.0,91.751,3.902,4.5447
16.0,20.0,0.35,0.1,350.0,91.728,3.797,4.5386
14.0,5.0,0.31,0.01,150.0,91.643,4.429,4.5068
16.0,15.0,0.31,0.03,350.0,91.487,3.904,4.5307
12.0,20.0,0.31,0.03,350.0,91.431,3.827,4.5279
20.0,10.0,0.33,0.1,450.0,91.42,3.9,4.5459
16.0,20.0,0.35,0.1,450.0,91.387,3.798,4.5394
12.0,15.0,0.33,0.1,150.0,91.381,4.002,4.4982
20.0,10.0,0.33,0.03,150.0,91.381,4.036,4.4933
20.0,10.0,0.33,0.1,600.0,91.305,3.924,4.5459
16.0,20.0,0.35,0.1,600.0,91.271,3.82,4.5394
14.0,20.0,0.35,0.1,150.0,91.204,3.508,4.4867
16.0,10.0,0.33,0.1,150.0,91.173,4.182,4.4888
14.0,5.0,0.33,0.1,150.0,91.169,4.285,4.4888
16.0,15.0,0.31,0.03,450.0,91.157,3.903,4.532
16.0,5.0,0.31,0.01,150.0,91.11,4.651,4.4822
12.0,20.0,0.31,0.03,450.0,91.1,3.826,4.5292
18.0,15.0,0.33,0.01,150.0,91.094,3.899,4.4775
16.0,15.0,0.31,0.03,600.0,91.04,3.927,4.532
12.0,20.0,0.31,0.03,600.0,90.982,3.849,4.5292
16.0,20.0,0.35,0.1,250.0,90.956,3.8,4.4878
16.0,5.0,0.33,0.1,150.0,90.915,4.411,4.477
14.0,20.0,0.31,0.01,350.0,90.645,3.814,4.4897
14.0,15.0,0.31,0.01,150.0,90.432,3.923,4.4516
20.0,10.0,0.33,0.1,250.0,90.384,3.901,4.4667
14.0,20.0,0.31,0.01,450.0,90.313,3.812,4.491
12.0,5.0,0.31,0.01,150.0,90.293,4.7,4.4459
14.0,20.0,0.31,0.01,600.0,90.191,3.835,4.491
18.0,20.0,0.35,0.03,350.0,90.128,4.058,4.4571
16.0,15.0,0.31,0.03,250.0,90.096,3.879,4.4516
12.0,20.0,0.31,0.03,250.0,90.079,3.797,4.4506
18.0,5.0,0.31,0.01,150.0,89.985,4.593,4.4311
16.0,20.0,0.33,0.03,350.0,89.946,3.929,4.4553
12.0,5.0,0.33,0.1,150.0,89.896,4.461,4.4315
18.0,5.0,0.33,0.1,150.0,89.83,4.421,4.4279
18.0,20.0,0.35,0.03,450.0,89.78,4.06,4.4576
18.0,20.0,0.35,0.03,600.0,89.654,4.085,4.4576
16.0,20.0,0.33,0.03,450.0,89.606,3.929,4.4562
18.0,20.0,0.35,0.03,250.0,89.482,4.071,4.4121
16.0,20.0,0.33,0.03,600.0,89.479,3.953,4.4562
14.0,15.0,0.33,0.1,150.0,89.4,3.722,4.4083
14.0,20.0,0.31,0.01,250.0,89.367,3.784,4.4159
14.0,10.0,0.31,0.1,350.0,89.27,4.238,4.4338
18.0,10.0,0.31,0.01,150.0,89.083,4.143,4.3904
14.0,20.0,0.33,0.03,150.0,89.037,3.617,4.3861
12.0,10.0,0.31,0.1,350.0,89.017,4.258,4.4225
16.0,20.0,0.33,0.03,250.0,89.009,3.928,4.397
18.0,15.0,0.35,0.1,150.0,88.974,3.587,4.3855
14.0,10.0,0.31,0.1,450.0,88.938,4.236,4.4351
14.0,10.0,0.31,0.1,600.0,88.808,4.262,4.4351
14.0,20.0,0.33,0.1,350.0,88.771,3.531,4.4082
12.0,10.0,0.31,0.1,450.0,88.686,4.256,4.4238
12.0,10.0,0.31,0.1,600.0,88.554,4.282,4.4238
12.0,15.0,0.31,0.1,350.0,88.481,4.031,4.3979
14.0,20.0,0.33,0.1,450.0,88.438,3.529,4.4095
18.0,15.0,0.31,0.01,350.0,88.393,3.964,4.3874
14.0,5.0,0.31,0.1,350.0,88.375,4.313,4.3936
14.0,20.0,0.33,0.1,600.0,88.304,3.551,4.4095
16.0,10.0,0.31,0.1,350.0,88.301,4.204,4.3897
20.0,10.0,0.31,0.03,350.0,88.267,4.011,4.3847
18.0,10.0,0.33,0.1,150.0,88.175,3.833,4.3527
12.0,15.0,0.31,0.1,450.0,88.151,4.029,4.3993
16.0,5.0,0.31,0.1,350.0,88.105,4.428,4.3809
18.0,15.0,0.31,0.01,450.0,88.067,3.96,4.389
14.0,5.0,0.31,0.1,450.0,88.045,4.31,4.395
12.0,15.0,0.31,0.1,600.0,88.016,4.054,4.3993
20.0,15.0,0.33,0.01,350.0,88.002,3.973,4.3643
16.0,10.0,0.31,0.1,450.0,87.971,4.202,4.3911
20.0,10.0,0.31,0.03,450.0,87.944,4.006,4.3864
18.0,15.0,0.31,0.01,600.0,87.931,3.985,4.389
14.0,5.0,0.31,0.1,600.0,87.91,4.336,4.395
14.0,10.0,0.31,0.1,250.0,87.841,4.202,4.353
16.0,10.0,0.31,0.1,600.0,87.835,4.228,4.3911
20.0,10.0,0.31,0.03,600.0,87.807,4.031,4.3864
14.0,10.0,0.31,0.03,150.0,87.788,4.247,4.3332
16.0,5.0,0.31,0.1,450.0,87.775,4.426,4.3823
14.0,20.0,0.33,0.1,250.0,87.692,3.508,4.3435
20.0,15.0,0.33,0.01,450.0,87.67,3.97,4.3656
16.0,5.0,0.31,0.1,600.0,87.638,4.453,4.3823
12.0,10.0,0.31,0.1,250.0,87.574,4.223,4.3411
20.0,15.0,0.33,0.01,600.0,87.53,3.995,4.3656
12.0,10.0,0.31,0.03,150.0,87.394,4.268,4.3155
12.0,5.0,0.31,0.1,350.0,87.228,4.474,4.342
12.0,15.0,0.31,0.03,150.0,87.186,4.054,4.306
18.0,5.0,0.31,0.1,350.0,87.085,4.447,4.3348
18.0,15.0,0.31,0.01,250.0,87.084,3.975,4.3122
12.0,15.0,0.31,0.1,250.0,87.054,3.993,4.3172
20.0,5.0,0.31,0.01,150.0,87.01,4.873,4.2972
16.0,10.0,0.31,0.03,150.0,86.992,4.245,4.2971
18.0,15.0,0.33,0.03,150.0,86.911,3.722,4.2896
14.0,5.0,0.31,0.1,250.0,86.904,4.279,4.3109
12.0,5.0,0.31,0.1,450.0,86.9,4.47,4.3436
20.0,15.0,0.33,0.01,250.0,86.896,4.013,4.2982
16.0,10.0,0.31,0.1,250.0,86.854,4.172,4.3082
12.0,5.0,0.31,0.1,600.0,86.758,4.498,4.3436
18.0,5.0,0.31,0.1,450.0,86.757,4.443,4.3364
20.0,10.0,0.31,0.03,250.0,86.717,3.997,4.2984
14.0,5.0,0.31,0.03,150.0,86.653,4.324,4.2821
20.0,5.0,0.33,0.1,150.0,86.649,4.574,4.2846
16.0,5.0,0.31,0.1,250.0,86.621,4.401,4.2977
18.0,15.0,0.33,0.1,350.0,86.621,3.589,4.3106
18.0,5.0,0.31,0.1,600.0,86.614,4.471,4.3364
18.0,20.0,0.35,0.01,250.0,86.597,3.812,4.3111
20.0,15.0,0.35,0.03,150.0,86.477,3.825,4.2639
14.0,15.0,0.31,0.1,350.0,86.446,3.743,4.3054
16.0,5.0,0.31,0.03,150.0,86.41,4.462,4.2706
12.0,20.0,0.31,0.01,150.0,86.404,3.596,4.2683
16.0,15.0,0.31,0.01,150.0,86.347,3.714,4.2659
18.0,15.0,0.33,0.1,450.0,86.294,3.586,4.3123
18.0,20.0,0.35,0.01,350.0,86.281,3.817,4.3114
18.0,20.0,0.35,0.01,450.0,86.246,3.831,4.3114
18.0,20.0,0.35,0.01,600.0,86.246,3.831,4.3114
18.0,15.0,0.33,0.1,600.0,86.147,3.608,4.3123
14.0,15.0,0.31,0.1,450.0,86.119,3.741,4.307
14.0,15.0,0.31,0.1,600.0,85.972,3.764,4.307
20.0,15.0,0.35,0.01,150.0,85.866,3.812,4.2603
12.0,5.0,0.31,0.1,250.0,85.708,4.444,4.2571
18.0,5.0,0.31,0.1,250.0,85.558,4.411,4.2497
18.0,15.0,0.33,0.1,250.0,85.451,3.577,4.2418
14.0,15.0,0.31,0.03,150.0,85.442,3.79,4.2268
18.0,5.0,0.31,0.03,150.0,85.433,4.456,4.2265
20.0,15.0,0.35,0.1,350.0,85.391,3.659,4.2502
12.0,5.0,0.31,0.03,150.0,85.373,4.496,4.2245
14.0,20.0,0.31,0.03,350.0,85.349,3.624,4.2509
18.0,10.0,0.31,0.1,350.0,85.331,3.838,4.2549
12.0,20.0,0.33,0.1,150.0,85.146,3.437,4.2149
20.0,15.0,0.35,0.1,450.0,85.059,3.656,4.2516
16.0,15.0,0.33,0.1,150.0,85.053,3.506,4.2109
14.0,15.0,0.31,0.1,250.0,85.031,3.702,4.2254
14.0,20.0,0.31,0.03,450.0,85.024,3.621,4.2527
18.0,10.0,0.31,0.1,450.0,85.007,3.835,4.2567
20.0,15.0,0.35,0.1,600.0,84.904,3.679,4.2516
14.0,20.0,0.31,0.03,600.0,84.869,3.644,4.2527
18.0,10.0,0.31,0.1,600.0,84.853,3.859,4.2567
16.0,20.0,0.33,0.01,150.0,84.627,3.785,4.1825
20.0,15.0,0.35,0.1,250.0,84.43,3.661,4.1909
18.0,10.0,0.31,0.03,150.0,84.241,3.916,4.1723
20.0,5.0,0.31,0.1,350.0,84.112,4.569,4.201
14.0,20.0,0.31,0.03,250.0,84.086,3.591,4.1778
18.0,10.0,0.31,0.1,250.0,83.844,3.806,4.1716
20.0,5.0,0.31,0.1,450.0,83.793,4.56,4.2031
20.0,15.0,0.33,0.03,350.0,83.703,3.807,4.1711
20.0,5.0,0.31,0.1,600.0,83.631,4.589,4.2031
20.0,15.0,0.33,0.03,450.0,83.376,3.802,4.1728
18.0,15.0,0.31,0.03,350.0,83.345,3.702,4.16
20.0,15.0,0.33,0.03,600.0,83.21,3.827,4.1728
18.0,15.0,0.31,0.03,450.0,83.028,3.697,4.1623
18.0,15.0,0.31,0.03,600.0,82.861,3.721,4.1623
20.0,10.0,0.31,0.01,150.0,82.767,3.857,4.1035
16.0,20.0,0.35,0.1,150.0,82.649,3.53,4.0975
20.0,15.0,0.33,0.03,250.0,82.595,3.805,4.1051
20.0,5.0,0.31,0.03,150.0,82.573,4.604,4.0979
20.0,5.0,0.31,0.1,250.0,82.489,4.545,4.1115
18.0,20.0,0.33,0.01,350.0,82.277,3.929,4.1026
12.0,20.0,0.31,0.1,350.0,82.056,3.458,4.1058
16.0,15.0,0.31,0.1,350.0,82.005,3.517,4.1036
18.0,15.0,0.31,0.03,250.0,82.005,3.681,4.0835
18.0,20.0,0.33,0.01,450.0,81.933,3.928,4.1036
16.0,20.0,0.31,0.01,350.0,81.843,3.822,4.0886
18.0,20.0,0.33,0.01,600.0,81.758,3.953,4.1036
12.0,20.0,0.31,0.1,450.0,81.739,3.455,4.108
20.0,10.0,0.33,0.1,150.0,81.691,3.626,4.0584
16.0,15.0,0.31,0.1,450.0,81.69,3.514,4.1059
12.0,20.0,0.31,0.1,600.0,81.564,3.477,4.108
16.0,15.0,0.31,0.1,600.0,81.515,3.537,4.1059
16.0,20.0,0.31,0.01,450.0,81.513,3.819,4.0903
18.0,20.0,0.33,0.01,250.0,81.48,3.921,4.0509
16.0,15.0,0.31,0.03,150.0,81.381,3.595,4.0424
12.0,20.0,0.31,0.03,150.0,81.379,3.508,4.0421
16.0,20.0,0.31,0.01,600.0,81.335,3.844,4.0903
18.0,20.0,0.35,0.03,150.0,81.32,3.792,4.0285
14.0,20.0,0.31,0.01,150.0,80.793,3.469,4.0132
18.0,20.0,0.35,0.01,150.0,80.747,3.773,4.0255
12.0,20.0,0.31,0.1,250.0,80.718,3.413,4.0293
16.0,20.0,0.31,0.01,250.0,80.676,3.766,4.02
16.0,20.0,0.33,0.03,150.0,80.673,3.646,4.0054
16.0,15.0,0.31,0.1,250.0,80.631,3.476,4.0255
16.0,20.0,0.33,0.1,350.0,80.015,3.541,4.0097
18.0,20.0,0.35,0.1,350.0,79.915,3.659,4.0004
16.0,20.0,0.33,0.1,450.0,79.685,3.539,4.0113
18.0,20.0,0.35,0.1,450.0,79.572,3.658,4.0015
16.0,20.0,0.33,0.1,600.0,79.496,3.562,4.0113
14.0,20.0,0.33,0.1,150.0,79.458,3.252,3.9565
18.0,20.0,0.35,0.1,600.0,79.381,3.682,4.0015
14.0,10.0,0.31,0.1,150.0,79.289,3.874,3.9513
18.0,20.0,0.35,0.1,250.0,79.164,3.646,3.9509
16.0,20.0,0.33,0.1,250.0,79.024,3.518,3.9491
12.0,10.0,0.31,0.1,150.0,79.013,3.894,3.9389
20.0,10.0,0.31,0.1,350.0,78.834,3.615,3.9599
18.0,15.0,0.31,0.01,150.0,78.721,3.581,3.9193
20.0,15.0,0.33,0.01,150.0,78.604,3.69,3.9086
12.0,15.0,0.31,0.1,150.0,78.592,3.685,3.9197
20.0,10.0,0.31,0.1,450.0,78.533,3.609,3.963
16.0,10.0,0.31,0.1,150.0,78.378,3.857,3.91
14.0,5.0,0.31,0.1,150.0,78.352,3.949,3.9092
20.0,10.0,0.31,0.1,600.0,78.337,3.633,3.963
18.0,20.0,0.33,0.03,350.0,78.257,3.786,3.9224
20.0,10.0,0.31,0.03,150.0,78.115,3.712,3.8944
16.0,5.0,0.31,0.1,150.0,78.075,4.072,3.8962
18.0,20.0,0.33,0.03,450.0,77.919,3.784,3.9237
18.0,20.0,0.33,0.03,600.0,77.717,3.81,3.9237
18.0,20.0,0.33,0.03,250.0,77.373,3.769,3.8668
18.0,15.0,0.33,0.1,150.0,77.362,3.328,3.8615
20.0,10.0,0.31,0.1,250.0,77.337,3.584,3.8763
12.0,5.0,0.31,0.1,150.0,77.177,4.114,3.8564
18.0,5.0,0.31,0.1,150.0,77.044,4.072,3.8497
16.0,20.0,0.31,0.03,350.0,76.821,3.636,3.8626
14.0,15.0,0.31,0.1,150.0,76.776,3.427,3.8374
20.0,15.0,0.35,0.1,150.0,76.58,3.416,3.8217
16.0,20.0,0.31,0.03,450.0,76.501,3.632,3.8648
16.0,20.0,0.31,0.03,600.0,76.29,3.656,3.8648
14.0,20.0,0.31,0.1,350.0,76.221,3.266,3.8405
14.0,20.0,0.31,0.03,150.0,75.936,3.326,3.7948
14.0,20.0,0.31,0.1,450.0,75.914,3.262,3.8433
14.0,20.0,0.31,0.1,600.0,75.7,3.284,3.8433
16.0,20.0,0.31,0.03,250.0,75.675,3.604,3.7951
20.0,15.0,0.31,0.01,350.0,75.636,3.695,3.8062
18.0,10.0,0.31,0.1,150.0,75.585,3.535,3.7834
20.0,15.0,0.31,0.01,450.0,75.33,3.688,3.8091
20.0,15.0,0.31,0.01,600.0,75.111,3.713,3.8091
14.0,20.0,0.31,0.1,250.0,74.988,3.222,3.769
20.0,20.0,0.35,0.03,350.0,74.94,3.779,3.7641
20.0,15.0,0.33,0.03,150.0,74.701,3.548,3.7339
20.0,20.0,0.35,0.03,450.0,74.592,3.779,3.765
20.0,15.0,0.31,0.01,250.0,74.389,3.621,3.734
20.0,20.0,0.35,0.03,600.0,74.367,3.805,3.765
20.0,20.0,0.35,0.03,250.0,74.26,3.758,3.7178
18.0,15.0,0.31,0.1,350.0,74.188,3.322,3.7484
20.0,5.0,0.31,0.1,150.0,74.123,4.214,3.7183
20.0,15.0,0.33,0.1,350.0,74.043,3.409,3.7382
18.0,15.0,0.31,0.03,150.0,73.985,3.422,3.7064
18.0,15.0,0.31,0.1,450.0,73.894,3.317,3.7518
20.0,15.0,0.33,0.1,450.0,73.735,3.404,3.741
18.0,20.0,0.33,0.01,150.0,73.719,3.643,3.686
18.0,15.0,0.31,0.1,600.0,73.667,3.339,3.7518
20.0,15.0,0.33,0.1,600.0,73.506,3.427,3.741
20.0,15.0,0.33,0.1,250.0,72.941,3.388,3.6727
18.0,15.0,0.31,0.1,250.0,72.899,3.287,3.6743
12.0,20.0,0.31,0.1,150.0,72.868,3.164,3.6601
16.0,20.0,0.31,0.01,150.0,72.812,3.507,3.6502
16.0,15.0,0.31,0.1,150.0,72.774,3.231,3.656
20.0,20.0,0.35,0.01,250.0,72.319,3.633,3.6582
20.0,20.0,0.35,0.01,350.0,71.985,3.633,3.6591
20.0,20.0,0.35,0.01,450.0,71.87,3.651,3.6591
20.0,20.0,0.35,0.01,600.0,71.87,3.651,3.6591
18.0,20.0,0.35,0.1,150.0,71.853,3.4,3.6066
16.0,20.0,0.33,0.1,150.0,71.541,3.272,3.5969
20.0,15.0,0.31,0.03,350.0,71.036,3.518,3.5997
20.0,15.0,0.31,0.03,450.0,70.743,3.511,3.6032
18.0,20.0,0.31,0.01,350.0,70.569,3.75,3.575
20.0,15.0,0.31,0.03,600.0,70.494,3.536,3.6033
18.0,20.0,0.31,0.01,450.0,70.247,3.746,3.5772
18.0,20.0,0.33,0.03,150.0,70.019,3.513,3.5206
18.0,20.0,0.31,0.01,600.0,69.993,3.772,3.5772
20.0,15.0,0.31,0.03,250.0,69.806,3.488,3.5285
20.0,10.0,0.31,0.1,150.0,69.595,3.341,3.512
18.0,20.0,0.31,0.01,250.0,69.593,3.689,3.5153
18.0,20.0,0.33,0.1,350.0,69.03,3.403,3.5099
18.0,20.0,0.33,0.1,450.0,68.706,3.401,3.512
18.0,20.0,0.33,0.1,600.0,68.443,3.425,3.512
16.0,20.0,0.31,0.03,150.0,68.251,3.351,3.4456
16.0,20.0,0.31,0.1,350.0,68.15,3.274,3.4738
18.0,20.0,0.33,0.1,250.0,68.138,3.371,3.4541
16.0,20.0,0.31,0.1,450.0,67.85,3.27,3.477
20.0,20.0,0.33,0.01,350.0,67.697,3.695,3.4379
14.0,20.0,0.31,0.1,150.0,67.646,2.994,3.4233
16.0,20.0,0.31,0.1,600.0,67.582,3.293,3.477
20.0,20.0,0.33,0.01,450.0,67.362,3.694,3.4395
20.0,20.0,0.35,0.03,150.0,67.325,3.515,3.391
20.0,20.0,0.33,0.01,600.0,67.087,3.72,3.4395
16.0,20.0,0.31,0.1,250.0,67.052,3.231,3.4086
20.0,15.0,0.31,0.01,150.0,66.998,3.436,3.3862
20.0,20.0,0.35,0.01,150.0,66.878,3.53,3.3922
20.0,20.0,0.33,0.01,250.0,66.849,3.645,3.3841
18.0,20.0,0.31,0.03,350.0,66.038,3.496,3.3719
20.0,15.0,0.33,0.1,150.0,65.868,3.166,3.3394
18.0,20.0,0.31,0.03,450.0,65.727,3.493,3.3745
20.0,20.0,0.35,0.1,350.0,65.693,3.38,3.3527
18.0,15.0,0.31,0.1,150.0,65.685,3.067,3.3345
18.0,20.0,0.31,0.03,600.0,65.443,3.518,3.3746
20.0,20.0,0.35,0.1,450.0,65.357,3.381,3.3543
20.0,20.0,0.35,0.1,600.0,65.07,3.404,3.3543
18.0,20.0,0.31,0.03,250.0,65.025,3.457,3.3106
20.0,20.0,0.35,0.1,250.0,64.983,3.346,3.3054
20.0,20.0,0.33,0.03,350.0,64.094,3.513,3.277
20.0,20.0,0.33,0.03,450.0,63.764,3.513,3.2789
20.0,20.0,0.33,0.03,600.0,63.465,3.538,3.2789
20.0,20.0,0.33,0.03,250.0,63.282,3.475,3.225
20.0,15.0,0.31,0.03,150.0,62.771,3.26,3.1969
18.0,20.0,0.31,0.01,150.0,62.732,3.4,3.1921
20.0,15.0,0.31,0.1,350.0,62.567,3.15,3.2204
20.0,15.0,0.31,0.1,450.0,62.3,3.145,3.2251
20.0,15.0,0.31,0.1,600.0,61.993,3.167,3.2251
18.0,20.0,0.33,0.1,150.0,61.545,3.148,3.1431
20.0,15.0,0.31,0.1,250.0,61.422,3.112,3.1532
16.0,20.0,0.31,0.1,150.0,60.374,3.013,3.0936
20.0,20.0,0.33,0.01,150.0,60.356,3.405,3.0778
20.0,20.0,0.35,0.1,150.0,58.782,3.131,3.0124
18.0,20.0,0.31,0.03,150.0,58.468,3.226,3.0012
18.0,20.0,0.31,0.1,350.0,58.028,3.137,3.0141
18.0,20.0,0.31,0.1,450.0,57.736,3.135,3.0176
18.0,20.0,0.31,0.1,600.0,57.397,3.158,3.0177
20.0,20.0,0.31,0.01,350.0,57.091,3.427,2.9615
18.0,20.0,0.31,0.1,250.0,57.081,3.091,2.956
20.0,20.0,0.33,0.03,150.0,57.031,3.25,2.9298
20.0,20.0,0.31,0.01,450.0,56.781,3.427,2.9642
20.0,20.0,0.31,0.01,600.0,56.433,3.452,2.9642
20.0,20.0,0.31,0.01,250.0,56.13,3.333,2.9027
20.0,20.0,0.33,0.1,350.0,55.82,3.131,2.9092
20.0,20.0,0.33,0.1,450.0,55.507,3.132,2.9119
20.0,20.0,0.33,0.1,600.0,55.151,3.155,2.9119
20.0,15.0,0.31,0.1,150.0,55.11,2.913,2.855
20.0,20.0,0.33,0.1,250.0,55.046,3.084,2.8591
20.0,20.0,0.31,0.03,350.0,53.003,3.223,2.7789
20.0,20.0,0.31,0.03,450.0,52.704,3.225,2.7821
20.0,20.0,0.31,0.03,600.0,52.328,3.248,2.7822
20.0,20.0,0.31,0.03,250.0,52.144,3.17,2.725
18.0,20.0,0.31,0.1,150.0,51.208,2.88,2.6782
20.0,20.0,0.31,0.01,150.0,50.333,3.074,2.6285
20.0,20.0,0.33,0.1,150.0,49.473,2.873,2.5953
20.0,20.0,0.31,0.03,150.0,46.61,2.947,2.4629
20.0,20.0,0.31,0.1,350.0,45.926,2.846,2.4648
20.0,20.0,0.31,0.1,450.0,45.642,2.85,2.4687
20.0,20.0,0.31,0.1,600.0,45.217,2.871,2.4687
20.0,20.0,0.31,0.1,250.0,45.159,2.791,2.4152
20.0,20.0,0.31,0.1,150.0,40.259,2.593,2.1824
