metrik,hand_crafted,hand_crafted_ayarli,ppo_ort,ppo_seed_std
verim_t_ha,1.446,6.11,6.225,0.033
sezon_uzunlugu_gun,120.0,120.0,120.0,0.0
sicaklik_optimum_gun,36.05,52.15,54.11,0.5
su_stresli_gun,120.0,0.0,1.52,1.881
ort_toprak_suyu,0.264,0.34,0.347,0.001
toplam_sulama_mm,201.645,377.324,427.989,25.112
toplam_drenaj_mm,0.0,0.145,31.721,22.223
toplam_gubre_kg_ha,49.381,540.937,410.972,24.112
ort_isitma_orani,0.016,0.0,0.053,0.024
ort_havalandirma_orani,0.801,0.884,0.912,0.027
ort_azot_stres_faktoru_hN,0.62,0.871,0.845,0.008
sulama_LAI_korelasyonu,0.984,0.726,0.79,0.03
gec_sezon_gubre_orani,0.433,0.26,0.112,0.026
toplam_odul_r_growth,23.901,101.639,103.552,0.553
toplam_odul_c_water,0.302,0.566,0.642,0.038
toplam_odul_c_energy,0.039,0.001,0.126,0.057
toplam_odul_c_fert,0.198,2.164,1.644,0.096
toplam_odul_c_stress,6.784,3.111,3.087,0.031
toplam_odul_c_humid,0.0,0.0,0.0,0.0
toplam_odul_r_terminal,7.23,30.552,31.126,0.166
toplam_odul,23.808,126.349,129.179,0.684
