ppo_seed,T_in,LAI,B,isitma,havalandirma,sulama,gubre
0,22.0,0.5,40.0,0.051180750131607056,1.0,0.5829585194587708,0.6645352244377136
0,22.0,1.0,80.0,0.007435321807861328,1.0,0.5811257362365723,0.6842247247695923
0,22.0,1.5,120.0,0.0,1.0,0.5777760744094849,0.7040647268295288
0,22.0,2.0,160.0,0.0,1.0,0.5723167657852173,0.7242319583892822
0,22.0,3.0,240.0,0.0,1.0,0.5537243485450745,0.7655134797096252
0,22.0,4.0,320.0,0.0,1.0,0.5260718464851379,0.8060924410820007
0,22.0,5.0,400.0,0.0,1.0,0.49300798773765564,0.8427437543869019
0,28.0,0.5,40.0,0.06228962540626526,0.9719444513320923,0.7128469347953796,0.40600916743278503
0,28.0,1.0,80.0,0.024202972650527954,1.0,0.7187906503677368,0.4152502715587616
0,28.0,1.5,120.0,0.0,1.0,0.7226965427398682,0.4249516725540161
0,28.0,2.0,160.0,0.0,1.0,0.7238787412643433,0.4354661703109741
0,28.0,3.0,240.0,0.0,1.0,0.7159908413887024,0.4598505198955536
0,28.0,4.0,320.0,0.0,1.0,0.6935375928878784,0.48899221420288086
0,28.0,5.0,400.0,0.0,1.0,0.6600530743598938,0.5221848487854004
0,32.0,0.5,40.0,0.079169362783432,0.922633171081543,0.7728190422058105,0.27159345149993896
0,32.0,1.0,80.0,0.04739585518836975,0.9622017741203308,0.7760281562805176,0.2777823209762573
0,32.0,1.5,120.0,0.016930371522903442,0.9999411702156067,0.7772916555404663,0.2845383286476135
0,32.0,2.0,160.0,0.0,1.0,0.7762335538864136,0.29210615158081055
0,32.0,3.0,240.0,0.0,1.0,0.7660421133041382,0.3102805018424988
0,32.0,4.0,320.0,0.0,1.0,0.744083046913147,0.3326396346092224
0,32.0,5.0,400.0,0.0,1.0,0.7113066911697388,0.358302503824234
1,22.0,0.5,40.0,0.0,1.0,0.33252421021461487,0.8354049324989319
1,22.0,1.0,80.0,0.0,1.0,0.33454981446266174,0.8262367248535156
1,22.0,1.5,120.0,0.0,1.0,0.33623793721199036,0.8171162009239197
1,22.0,2.0,160.0,0.0,1.0,0.3376340866088867,0.8079659938812256
1,22.0,3.0,240.0,0.0,1.0,0.33964261412620544,0.7894431352615356
1,22.0,4.0,320.0,0.0,1.0,0.3404962122440338,0.7707223892211914
1,22.0,5.0,400.0,0.0,1.0,0.33989885449409485,0.7520199418067932
1,28.0,0.5,40.0,0.0,1.0,0.37618952989578247,0.7584506273269653
1,28.0,1.0,80.0,0.0,1.0,0.3840152621269226,0.7537828683853149
1,28.0,1.5,120.0,0.0,1.0,0.3908160924911499,0.7489147186279297
1,28.0,2.0,160.0,0.0,1.0,0.3963337540626526,0.7438415288925171
1,28.0,3.0,240.0,0.0,1.0,0.40295371413230896,0.7332146167755127
1,28.0,4.0,320.0,0.0,1.0,0.4038013815879822,0.7220330238342285
1,28.0,5.0,400.0,0.0,1.0,0.40007150173187256,0.7098008394241333
1,32.0,0.5,40.0,0.022183984518051147,1.0,0.38923466205596924,0.6814591884613037
1,32.0,1.0,80.0,0.0,1.0,0.4006272256374359,0.6796098351478577
1,32.0,1.5,120.0,0.0,1.0,0.41106510162353516,0.6781889796257019
1,32.0,2.0,160.0,0.0,1.0,0.4201405644416809,0.6769094467163086
1,32.0,3.0,240.0,0.0,1.0,0.4331221580505371,0.6737735867500305
1,32.0,4.0,320.0,0.0,1.0,0.43878185749053955,0.6686737537384033
1,32.0,5.0,400.0,0.0,1.0,0.4381762444972992,0.6606656312942505
2,22.0,0.5,40.0,0.008517801761627197,0.8270425200462341,0.47542741894721985,0.5920103192329407
2,22.0,1.0,80.0,0.0,0.8774956464767456,0.48307543992996216,0.611868143081665
2,22.0,1.5,120.0,0.0,0.9293969869613647,0.4917927384376526,0.6337859630584717
2,22.0,2.0,160.0,0.0,0.9810994863510132,0.501007080078125,0.6573710441589355
2,22.0,3.0,240.0,0.0,1.0,0.5175080895423889,0.7071161270141602
2,22.0,4.0,320.0,0.0,1.0,0.5277949571609497,0.7575654983520508
2,22.0,5.0,400.0,0.0,1.0,0.5322299599647522,0.8078152537345886
2,28.0,0.5,40.0,0.0280073881149292,0.7718759775161743,0.4942607879638672,0.4607408344745636
2,28.0,1.0,80.0,0.001727461814880371,0.8055500984191895,0.49789193272590637,0.4692046046257019
2,28.0,1.5,120.0,0.0,0.8379602432250977,0.5016589164733887,0.47924673557281494
2,28.0,2.0,160.0,0.0,0.8693381547927856,0.5055738091468811,0.4910578429698944
2,28.0,3.0,240.0,0.0,0.9323698878288269,0.5143798589706421,0.5208320021629333
2,28.0,4.0,320.0,0.0,1.0,0.526135265827179,0.5605420470237732
2,28.0,5.0,400.0,0.0,1.0,0.5413478016853333,0.6110599040985107
2,32.0,0.5,40.0,0.03406554460525513,0.7605864405632019,0.506994903087616,0.3922082781791687
2,32.0,1.0,80.0,0.011469364166259766,0.7910101413726807,0.5099053978919983,0.39744406938552856
2,32.0,1.5,120.0,0.0,0.8204213380813599,0.5128223299980164,0.40395134687423706
2,32.0,2.0,160.0,0.0,0.8483577966690063,0.5156370401382446,0.41185957193374634
2,32.0,3.0,240.0,0.0,0.8991032838821411,0.5206602811813354,0.4322567582130432
2,32.0,4.0,320.0,0.0,0.9448398351669312,0.5248530507087708,0.45952898263931274
2,32.0,5.0,400.0,0.0,0.9926314353942871,0.5294299721717834,0.495449036359787
3,22.0,0.5,40.0,0.0,1.0,0.5206063985824585,0.5382902026176453
3,22.0,1.0,80.0,0.0,1.0,0.5263593792915344,0.5530892014503479
3,22.0,1.5,120.0,0.0,1.0,0.5290696620941162,0.5687588453292847
3,22.0,2.0,160.0,0.0,1.0,0.5286840796470642,0.5849698781967163
3,22.0,3.0,240.0,0.0,1.0,0.5195918083190918,0.6170463562011719
3,22.0,4.0,320.0,0.0,1.0,0.5023793578147888,0.6431529521942139
3,22.0,5.0,400.0,0.0,1.0,0.4810471534729004,0.657219409942627
3,28.0,0.5,40.0,0.05334088206291199,0.8434540033340454,0.4925194978713989,0.3201255202293396
3,28.0,1.0,80.0,0.0238800048828125,0.8748149871826172,0.5056596398353577,0.3229960799217224
3,28.0,1.5,120.0,0.0,0.9089173078536987,0.5191984176635742,0.3281098008155823
3,28.0,2.0,160.0,0.0,0.9444698095321655,0.5323471426963806,0.335714191198349
3,28.0,3.0,240.0,0.0,1.0,0.5534170866012573,0.3577309250831604
3,28.0,4.0,320.0,0.0,1.0,0.5628319978713989,0.3849448561668396
3,28.0,5.0,400.0,0.0,1.0,0.5605756044387817,0.41184255480766296
3,32.0,0.5,40.0,0.1463947296142578,0.735416054725647,0.45528537034988403,0.2354198694229126
3,32.0,1.0,80.0,0.12542879581451416,0.7577785849571228,0.46603724360466003,0.233367919921875
3,32.0,1.5,120.0,0.10267132520675659,0.7829921841621399,0.4775617718696594,0.23249316215515137
3,32.0,2.0,160.0,0.07777014374732971,0.8116538524627686,0.4899275302886963,0.23321622610092163
3,32.0,3.0,240.0,0.02118244767189026,0.8806856870651245,0.5169951915740967,0.2412051558494568
3,32.0,4.0,320.0,0.0,0.9605379700660706,0.5439333319664001,0.25917965173721313
3,32.0,5.0,400.0,0.0,1.0,0.5635445713996887,0.2833365201950073
42,22.0,0.5,40.0,0.0,1.0,0.4756573736667633,0.32457688450813293
42,22.0,1.0,80.0,0.0,1.0,0.47390952706336975,0.3508158028125763
42,22.0,1.5,120.0,0.0,1.0,0.4706849157810211,0.3766390085220337
42,22.0,2.0,160.0,0.0,1.0,0.4660412669181824,0.40188175439834595
42,22.0,3.0,240.0,0.0,1.0,0.45335400104522705,0.45067694783210754
42,22.0,4.0,320.0,0.0,1.0,0.4382109045982361,0.49776268005371094
42,22.0,5.0,400.0,0.0,1.0,0.42332202196121216,0.5433133840560913
42,28.0,0.5,40.0,0.0,0.9742506146430969,0.5085150599479675,0.1442662477493286
42,28.0,1.0,80.0,0.0,0.9907675981521606,0.5044741034507751,0.16543880105018616
42,28.0,1.5,120.0,0.0,1.0,0.5002982020378113,0.19000741839408875
42,28.0,2.0,160.0,0.0,1.0,0.4959762990474701,0.21801996231079102
42,28.0,3.0,240.0,0.0,1.0,0.4864063858985901,0.2832455337047577
42,28.0,4.0,320.0,0.0,1.0,0.47422799468040466,0.35622638463974
42,28.0,5.0,400.0,0.0,1.0,0.45864638686180115,0.43000704050064087
42,32.0,0.5,40.0,0.031312763690948486,0.9553623199462891,0.5230635404586792,0.08818367123603821
42,32.0,1.0,80.0,0.0253564715385437,0.9624381065368652,0.5179298520088196,0.10036531090736389
42,32.0,1.5,120.0,0.018966645002365112,0.969703733921051,0.5124140977859497,0.11448720097541809
42,32.0,2.0,160.0,0.0120086669921875,0.9773063063621521,0.5065834522247314,0.13085409998893738
42,32.0,3.0,240.0,0.0,0.9942417144775391,0.49440819025039673,0.1715797781944275
42,32.0,4.0,320.0,0.0,1.0,0.48255831003189087,0.22463276982307434
42,32.0,5.0,400.0,0.0,1.0,0.4722560942173004,0.29013168811798096
