update,global_step,pg_loss,v_loss,entropy,total_loss,approx_kl,clip_frac
1,2048,-0.016243079327978194,0.1907335889758542,3.669814424216747,0.07912371534621343,0.019277375773526728,0.261865234375
2,4096,-0.013687755845603533,0.2062348949490115,3.6914230778813364,0.08942969169002027,0.0184065984969493,0.25732421875
3,6144,-0.019123659876640886,0.2464850935386494,3.6857268676161765,0.10411888667149469,0.020838826158433223,0.2783203125
4,8192,-0.01472340149921365,0.5244790209922939,3.658096659183502,0.24751610890962183,0.018294147663982584,0.255078125
5,10240,-0.013763973419554532,0.6822262352332473,3.636696715652943,0.3273491445928812,0.017781258537434043,0.250341796875
6,12288,-0.01477480337198358,0.5910504926927388,3.6157955385744573,0.2807504435768351,0.01912658542569261,0.257861328125
7,14336,-0.01577834915078711,0.7870075613260269,3.5938478730618955,0.37772543099708855,0.018402532787877134,0.253564453125
8,16384,-0.013143972924444825,1.2335003009065986,3.563264359533787,0.6036061790771783,0.01564285748754628,0.224169921875
9,18432,-0.012240947855752892,1.2496224326081573,3.5230017229914665,0.6125702692661434,0.014899022105964832,0.214697265625
10,20480,-0.006569737516110763,1.0495072748512029,3.4958067700266837,0.5181839008349926,0.013087757196626627,0.189990234375
11,22528,-0.009187342494260519,0.8634756959974765,3.464733661711216,0.4225505040958524,0.014953746579703876,0.206396484375
12,24576,-0.013588615742628462,0.8344789770431816,3.410292649269104,0.40365087245590986,0.01604030711168889,0.22080078125
13,26624,-0.012049711641157045,0.6599799309857189,3.362009359896183,0.31794025225099176,0.0159882134757936,0.2232421875
14,28672,-0.01266294633387588,0.667554971575737,3.3289065584540367,0.3211145404493436,0.014568835549289361,0.211328125
15,30720,-0.011876728635979817,0.5500567177310586,3.2981503561139105,0.26315162954851984,0.01553828589967452,0.210693359375
16,32768,-0.0098418194509577,0.5931362996809184,3.277882896363735,0.28672633089590815,0.013697311328724027,0.19814453125
17,34816,-0.009836858019116334,0.5076381892897188,3.244111056625843,0.24398223711177708,0.016290346343885174,0.218017578125
18,36864,-0.01104196794622112,0.5523105887696147,3.1835628762841224,0.26511332562658935,0.014162500231759623,0.20146484375
19,38912,-0.014800672986893915,0.40625673099420967,3.1099609643220902,0.18832769254222512,0.016413364774780347,0.23017578125
20,40960,-0.00865952021558769,0.5629065165296196,3.028658430278301,0.27279373772908,0.01482016661320813,0.205712890625
21,43008,-0.008115839172387496,0.5807353380136192,2.9617621220648287,0.2822518302826211,0.013354308065026998,0.187744140625
22,45056,-0.011549242574255913,0.6012352360412478,2.9299231305718423,0.2890683762496337,0.015125896417885087,0.21708984375
23,47104,-0.011763185585732572,0.5821192496456206,2.8828650161623957,0.2792964394437149,0.013633814832428471,0.2048828125
24,49152,-0.011047515754762571,0.5174070708453655,2.824274604767561,0.24765601998660713,0.0180257027677726,0.248193359375
25,51200,-0.011372527250205166,0.5298171574249864,2.7796609312295915,0.2535360515350476,0.01703495101828594,0.2341796875
26,53248,-0.010733017264283263,0.4896985019557178,2.7340096145868302,0.2341162347001955,0.016289263067301364,0.224267578125
27,55296,-0.007680497725959867,0.3893809475004673,2.686480926722288,0.18700997586129234,0.018521803175099195,0.253076171875
28,57344,-0.010345672749099321,0.42378058601170776,2.6352497167885303,0.2015446202363819,0.01843456932983827,0.253955078125
29,59392,-0.012602889494155533,0.3561177411582321,2.5612617053091524,0.1654559813789092,0.01835656609327998,0.250439453125
30,61440,-0.009098580770660192,0.5521930674556643,2.509737316519022,0.26699795336462556,0.01574459474068135,0.219140625
31,63488,-0.005532150418730453,0.5001438764389604,2.468060536682606,0.24453978806268423,0.015243328257929534,0.205322265625
32,65536,-0.010399460123153403,0.6861969853751362,2.3983965657651423,0.3326990318018943,0.017047290422488003,0.23310546875
33,67584,-0.006809520491515286,0.5697371357120573,2.333708979189396,0.2780590477166697,0.015301757445558905,0.204248046875
34,69632,-0.012114415550604463,0.4733448210172355,2.2755168311297895,0.2245579946320504,0.019051873724674807,0.268115234375
35,71680,-0.005796387587906793,0.4271647860761732,2.2223727621138094,0.2077860049554147,0.01633779469266301,0.22265625
36,73728,-0.009574205402168445,0.36803283970803025,2.1836476996541023,0.17444221351761371,0.020316170014848468,0.26318359375
37,75776,-0.01023496531706769,0.39797984519973395,2.134837527573109,0.18875495760003105,0.01728579338232521,0.23603515625
38,77824,-0.007326579710934311,0.40333779831416905,2.082428427040577,0.19434231907362118,0.016808273692731746,0.22587890625
39,79872,-0.0034870404633693397,0.2892359697725624,2.0526663273572923,0.1411309443763457,0.018568783420778345,0.2470703125
40,81920,-0.00888623334467411,0.5520335270091892,1.9987515754997731,0.267130529996939,0.018136632489040495,0.24892578125
41,83968,-0.005799369842861779,0.4134653353597969,1.9386531915515661,0.20093329777009786,0.014961228215543087,0.212255859375
42,86016,-0.006857281512930058,0.45063145756721495,1.9116862755268813,0.21845844672061504,0.019691228945157492,0.2513671875
43,88064,-0.0025779985415283592,0.4310659547802061,1.884615145623684,0.21295497801620514,0.015598980178765487,0.22021484375
44,90112,-0.004417671449482441,0.4932880898471922,1.8617109674960375,0.24222637424245477,0.015806366311153397,0.22158203125
45,92160,0.0006645352230407297,0.4596643056720495,1.8436449985951184,0.2304966878844425,0.017239688451809343,0.230712890625
46,94208,-0.004136736935470254,0.45087769310921433,1.831454662233591,0.22130210967734457,0.013982299929193687,0.1984375
47,96256,-0.001245676531107165,0.5248544863425195,1.8076359268277884,0.2611815670737997,0.01404591772297863,0.192822265625
48,98304,-0.003846595762297511,0.5342649937607348,1.7721296153962611,0.2632859014207497,0.014413513414910994,0.197998046875
49,100352,-0.0041634591500042005,0.4679609292652458,1.7373772889375687,0.22981700534000993,0.014939942023192997,0.20458984375
50,102400,-0.0061701119266217574,0.3931484802160412,1.7099681075662374,0.1904041272820905,0.018010475806659088,0.233251953125
51,104448,-0.003674294744268991,0.3636846149340272,1.6920918390154838,0.17816801263252274,0.015441559537430294,0.209033203125
52,106496,-0.004245697261649184,0.3357023580465466,1.6502660468220711,0.16360548159573227,0.01665096901851939,0.217236328125
53,108544,-0.0034013411175692456,0.43679135739803315,1.59775861017406,0.2149943385273218,0.015243669360643253,0.207763671875
54,110592,-0.006497509006294422,0.5327589846216142,1.5488774605095386,0.25988198358099907,0.0150863143207971,0.200390625
55,112640,-0.009868690132861957,0.4995685964357108,1.5030322153121234,0.23991560807917267,0.019901124187163076,0.25498046875
56,114688,-0.008320572893717326,0.4173549985978752,1.443457981199026,0.2003569260239601,0.01514901427872246,0.210791015625
57,116736,-0.0030990150233265014,0.43018821738660334,1.4041445348411798,0.21199509289581328,0.01966835697821807,0.249609375
58,118784,-0.00296190447115805,0.4864665126893669,1.379746787250042,0.24027135173091665,0.017261659385985693,0.21748046875
59,120832,-0.008114359260071069,0.4269468653947115,1.3408905748277902,0.2053590731229633,0.017925238412863108,0.227734375
60,122880,-0.007579517415433656,0.4623798171058297,1.2971596356481314,0.22361039095558227,0.018318247119896113,0.248583984375
61,124928,-0.004949114902410656,0.5178870550356806,1.247088362276554,0.25399441295303404,0.015859783528139815,0.217822265625
62,126976,-0.0026405597454868257,0.42988998172804715,1.195863226428628,0.21230443093227222,0.015890651752124542,0.218212890625
63,129024,-0.003254994268354494,0.4286172344814986,1.1434464607387782,0.21105362304951997,0.015041715037659742,0.210107421875
64,131072,-0.00515103574434761,0.38681082031689584,1.1059265341609716,0.1882543741259724,0.016831727811950258,0.233642578125
65,133120,-0.0011522113520186395,0.3940095456317067,1.0935833118855953,0.19585256173741072,0.017129314164048993,0.2328125
66,135168,-0.006584342775749974,0.44222842063754797,1.075107118859887,0.21452986728399992,0.017523346559028142,0.224072265625
67,137216,-0.0062783878180198375,0.4503762099891901,1.0360884871333838,0.21890971723478286,0.018679991067619993,0.251220703125
68,139264,-0.003227511455770582,0.5278413792606443,0.9948922445997596,0.26069317702203987,0.015773548775177913,0.211767578125
69,141312,-0.005256879903026856,0.5155505212955177,0.9418671449646354,0.25251838073600086,0.01930799969122745,0.248876953125
70,143360,-0.008506024139933288,0.5165755891241133,0.9200539814308286,0.2497817703988403,0.019919126649620013,0.265869140625
71,145408,-0.007001504913205281,0.5626119650900364,0.9090914631262421,0.27430447794031354,0.018481534130114597,0.243115234375
72,147456,-0.004614841539296322,0.554545798804611,0.8932494347915053,0.2726580569287762,0.018392574992321897,0.24921875
73,149504,-0.00645734304562211,0.46131928637623787,0.8488010486587882,0.22420229932758956,0.02007845073385397,0.270751953125
74,151552,-0.004162337200250476,0.6279262263793498,0.8189167950302363,0.3098007753491402,0.020691570117196533,0.267431640625
75,153600,-0.004494865256128832,0.37380093638785183,0.8213618740439415,0.18240560234989972,0.017837236060586292,0.235693359375
76,155648,-0.005971469561336562,0.5097042521927506,0.8070141199976206,0.24888065663399175,0.015267988448613323,0.205615234375
77,157696,-0.004944556704140268,0.4437312048394233,0.7601525947451592,0.21692104525864125,0.015580514965404291,0.212255859375
78,159744,-0.001774971475242637,0.5215018504299224,0.7278867295011878,0.25897595428396014,0.01494638240110362,0.197119140625
79,161792,-0.00480579597351607,0.47598854517564176,0.7159921796992421,0.23318847664631903,0.01828518620459363,0.24541015625
80,163840,-0.0017558737396029755,0.5053366272244603,0.6943427685648202,0.2509124395204708,0.019146359052683692,0.2419921875
81,165888,-0.005099373296252452,0.44464367921464143,0.6400193857029081,0.2172224657377228,0.01874733595177531,0.245654296875
82,167936,-0.0029191724956035615,0.4776765288319439,0.6056805482134223,0.23591909185051918,0.018995524388446938,0.237451171875
83,169984,-0.00226068755146116,0.40050840233452617,0.5988457333296537,0.1979935134993866,0.01811720304831397,0.238671875
84,172032,-0.008570721730939113,0.42080703396350144,0.5662186823785305,0.20183279504999518,0.016776253095304127,0.233740234375
85,174080,-0.0009856230695731937,0.3172997917514294,0.5262104531750083,0.15766427339985967,0.016917121097503696,0.226611328125
86,176128,-0.0035066230047959834,0.35668112635612487,0.5009617887437343,0.17483394036535174,0.019518848945153877,0.252783203125
87,178176,-0.009145897947018967,0.6137649297248572,0.48254449274390937,0.29773656658362596,0.01730726960086031,0.22822265625
88,180224,-0.006401113484753296,0.6233006958849728,0.45831618197262286,0.305249234335497,0.01790290129429195,0.23740234375
89,182272,-0.0035915274085709823,0.40314733241684736,0.44378127716481686,0.19798213860485703,0.018529087903152684,0.238037109375
90,184320,-0.00341264130838681,0.5448067724239081,0.4379345551133156,0.26899074560496955,0.0178588171445881,0.2296875
91,186368,-0.0034265049645910038,0.42129984833300116,0.4272492477670312,0.20722341898363084,0.018790429973159918,0.241357421875
92,188416,-0.006788696956937202,0.41290413090027867,0.419999604485929,0.19966336914803834,0.021397388652258088,0.2583984375
93,190464,-0.0064958320959704,0.45110982470214367,0.4164818193763494,0.21905908037442715,0.01808184283290757,0.23564453125
94,192512,-0.006676276531652548,0.5323907544370741,0.4122914031147957,0.25951909970026465,0.016925950630684382,0.22666015625
95,194560,-0.009420564374886453,0.4480858908966184,0.374988148547709,0.21462238060776145,0.01800801525096176,0.243408203125
96,196608,-0.002800461617880501,0.41260045655071736,0.34102556835860015,0.20349976622965188,0.017726933561789338,0.228759765625
97,198656,-0.004411907051689923,0.39772657384164634,0.34008426014333965,0.19445137984585018,0.018800289748469368,0.226318359375
98,200704,-0.008514304927666671,0.5107146723661572,0.32447948046028613,0.2468430314445868,0.019811656189267522,0.251953125
99,202752,-0.00742301658319775,0.4798305494710803,0.29820292741060256,0.23249225842300802,0.01982034282264067,0.252294921875
100,204800,-0.005271558246749919,0.4887068631127477,0.2902814384549856,0.23908187390770763,0.016441528229916003,0.2220703125
101,206848,-0.0037231113121379165,0.452064872905612,0.2719823785126209,0.222309326287359,0.019297465411364102,0.252783203125
102,208896,-0.0019136390881612896,0.4063433882314712,0.23929927814751864,0.2012580554699525,0.016596030464279467,0.221240234375
103,210944,-0.0044311652251053605,0.39336695373058317,0.2244735151529312,0.19225231208838522,0.015906211246328895,0.22001953125
104,212992,-0.005192012930638157,0.5455678042024374,0.20029570758342743,0.26759188931901007,0.01981556335958885,0.25859375
105,215040,-0.00843275169027038,0.5134063141420484,0.1849658252671361,0.24827040564268826,0.01864854272134835,0.24267578125
106,217088,-0.005197266704635694,0.6688053265213967,0.17151778303086757,0.3292053968878463,0.016456216070218944,0.22724609375
107,219136,-0.0068188286735676226,0.529326607240364,0.16513932049274443,0.2578444742364809,0.022103894219617358,0.27734375
108,221184,-0.005372887586418074,0.46804981683380903,0.17181735932826997,0.22865202033426613,0.020534275805403013,0.244091796875
109,223232,-0.007281967721064575,0.5548244329169393,0.14944284949451686,0.27013024932239205,0.017663392768008636,0.222802734375
110,225280,-0.0031385623035021125,0.46619097678922117,0.12372440826147794,0.229956924833823,0.017302821046905593,0.2314453125
111,227328,-0.007093607692513615,0.5711844576522708,0.114679448120296,0.27849862051662055,0.023993375364807435,0.286962890625
112,229376,-0.0003928040969185531,0.5096711560618132,0.09769464880228043,0.25444277417846023,0.020672177369124255,0.260498046875
113,231424,-0.0027639320818707348,0.6384275767952203,0.07763403076678514,0.3164498570142314,0.019192624218703713,0.247412109375
114,233472,-0.006947590885101817,0.5423585457261652,0.0411421088501811,0.2642316824523732,0.019531675495090894,0.245703125
115,235520,-0.008149891381617636,0.45856103519909086,0.01758753601461649,0.22113062597345562,0.018551881023449825,0.241845703125
116,237568,-0.0052507432003039865,0.42635454088449476,0.011551931127905845,0.207926527550444,0.01995944786758628,0.24677734375
117,239616,-0.005435156013118103,0.4751146384514868,-0.015215597674250602,0.23212216305546463,0.020883420955215115,0.258837890625
118,241664,-0.0053758820111397656,0.3379631116054952,-0.021445468254387378,0.16360567378578708,0.02111005143233342,0.268994140625
119,243712,-0.0014247281709685923,0.40680317985825243,-0.020282276161015033,0.20197686199098824,0.020911300444277005,0.2541015625
120,245760,-0.00433157617226243,0.3459677771665156,-0.025037833116948606,0.16865231243427842,0.019541356968693434,0.244873046875
121,247808,-0.0028068254672689364,0.4052340330090374,-0.04471771363168955,0.19981019117403775,0.02288759064831538,0.2607421875
122,249856,-0.002319229202112183,0.4849686940666288,-0.04328398872166872,0.24016511877998709,0.020313488769170364,0.248779296875
123,251904,-0.005231771490070969,0.4656698372680694,-0.05039023663848639,0.22760314708575607,0.020788486470701174,0.25205078125
124,253952,-0.0035184722539270295,0.4687769684009254,-0.06997565869241953,0.23087001156527548,0.01824691283109132,0.235009765625
125,256000,-0.001732360177265946,0.3430601947940886,-0.10035105887800455,0.16979773665079848,0.021089083833794577,0.268310546875
126,258048,-0.0064349369000410665,0.47264658594504,-0.1286069268360734,0.22988835640717298,0.020243747752101627,0.25947265625
127,260096,-0.004896927688969299,0.5723701301030815,-0.12781154476106166,0.281288137845695,0.018556153701501897,0.237060546875
128,262144,-0.009205733238195535,0.6850783827714622,-0.11747700925916434,0.3333334573544562,0.01862150444794679,0.244091796875
129,264192,-0.0030217750507290477,0.42821088479831815,-0.09733289144933224,0.21108366725966335,0.01972353903838666,0.248046875
130,266240,-0.00544064867135603,0.3458587032277137,-0.12312841862440109,0.16748870275914668,0.01784834225254599,0.231982421875
131,268288,-0.004970427678199485,0.6038782827556133,-0.14324351102113725,0.29696871389169244,0.017297078027331735,0.227392578125
132,270336,-0.007679837272735313,0.5597109655849636,-0.16548771671950818,0.27217564624734225,0.02133180187374819,0.26201171875
133,272384,-0.007052907510660589,0.5689625933766365,-0.18849821332842112,0.2774283882463351,0.01967295063805068,0.26171875
134,274432,-0.006691294204210862,0.39713703421875834,-0.1912218166515231,0.19187722271308302,0.021580410117167048,0.27255859375
135,276480,-0.007247997625381686,0.39625691189430656,-0.18456198517233133,0.1908804582315497,0.022085881905513815,0.27529296875
136,278528,-0.00674527904484421,0.4108299606014043,-0.19568935744464397,0.19866970144212245,0.020770086847187487,0.265283203125
137,280576,-0.005208118964219466,0.4084438323043287,-0.20160440932959317,0.19901379719376563,0.018237326056987514,0.23896484375
138,282624,-0.004880081000737846,0.48289990751072764,-0.20055556669831276,0.2365698735229671,0.017093988906708546,0.222119140625
139,284672,-0.004006321268389001,0.3706864704377949,-0.22666536085307598,0.18133691377006472,0.019089552585501223,0.247119140625
140,286720,-0.002961700814194046,0.4005945483222604,-0.25375365391373633,0.197335573611781,0.01836772107926663,0.242333984375
141,288768,-0.004943714244291186,0.4487493093125522,-0.26171003337949517,0.21943093985319137,0.020127320136816708,0.25693359375
142,290816,-0.004056066391058266,0.4005802989471704,-0.25758843310177326,0.19623408310580998,0.018338442951790056,0.239306640625
143,292864,-0.006440102244960144,0.3968848291318864,-0.2543704556301236,0.19200231188442557,0.01926289875555085,0.242822265625
144,294912,-0.0007063494791509584,0.4144506338518113,-0.2657517744228244,0.20651896721683444,0.02025046474300325,0.255224609375
145,296960,-0.004320089434622787,0.34161669737659395,-0.2826246630400419,0.16648825960000976,0.02154207943676738,0.265771484375
146,299008,-0.005304388696094975,0.3934733824804425,-0.28676312752068045,0.19143230246845633,0.019045129299047402,0.2521484375
147,301056,-0.007485062294290401,0.3989288302604109,-0.29973883684724567,0.19197935247793793,0.02182882667693775,0.272509765625
148,303104,-0.004651150913559832,0.3920014942996204,-0.29428465440869334,0.19134959639050067,0.01837989927007584,0.246240234375
149,305152,-0.00719104966847226,0.5356514761224389,-0.2873166842386127,0.26063468838110565,0.01900878144078888,0.24033203125
150,307200,-0.0055719502561260015,0.43062056400813165,-0.29123349096626044,0.20973833124153315,0.020567341284186115,0.26552734375
151,309248,-0.005426227691350505,0.5172172277234495,-0.2979853577911854,0.2531823858153075,0.02275724848441314,0.261376953125
152,311296,-0.007387691090116277,0.6138372162356973,-0.32415863070636985,0.29953091682400557,0.021207630950084422,0.25595703125
153,313344,-0.008315293886698782,0.4651127860415727,-0.34468766711652277,0.22424109906423836,0.017546926572686063,0.23720703125
154,315392,-0.007261513388948515,0.5032280544750393,-0.34152217730879786,0.24435251334216446,0.023041763047513087,0.267578125
155,317440,-0.0023510022059781478,0.6543976975604892,-0.350882057659328,0.3248478463385254,0.018772811733651907,0.23359375
156,319488,-0.007107292558066547,0.49552733316086234,-0.34491361733525994,0.24065637458115816,0.020890746856457552,0.2703125
157,321536,-0.009425370139069855,0.467741624545306,-0.34971056431531905,0.22444544152822346,0.02062425128824543,0.2595703125
158,323584,-0.005222032152232714,0.5280102739110589,-0.3619739724323153,0.2587831044802442,0.020629091677255927,0.27021484375
159,325632,-0.007260672716074623,0.5639542361721397,-0.3696108529344201,0.2747164453146979,0.023512200951518025,0.291162109375
160,327680,-0.006271224800730124,0.42689989376813176,-0.3697678577154875,0.20717872240347787,0.017450644409109373,0.22900390625
161,329728,-0.010337838507257401,0.5163469912018627,-0.3721553122624755,0.24783565721008927,0.020146842693793587,0.262890625
162,331776,-0.004688003711635247,0.5184747505467385,-0.40068166200071575,0.2545493713347241,0.020816041679063348,0.260009765625
163,333824,-0.006711982772685587,0.5994127658195794,-0.3963130949065089,0.292994400463067,0.022547350244713014,0.271435546875
164,335872,-0.007514408143470064,0.514570943871513,-0.3692054968327284,0.249771064077504,0.020328657863137777,0.256005859375
165,337920,-0.004852054110961035,0.3831347990781069,-0.35696544740349057,0.18671534510795026,0.021428910401300526,0.26591796875
166,339968,-0.010407807736191899,0.5324348756112158,-0.3712305588647723,0.2558096301741898,0.02087726637982996,0.26533203125
167,342016,-0.0074366509565152224,0.37813244755379855,-0.377667760848999,0.1816295720404014,0.020491515623871238,0.25615234375
168,344064,-0.009243946723290718,0.609308354370296,-0.3800975302234292,0.2954102310817689,0.01985062331368681,0.243408203125
169,346112,-0.006587217876221985,0.6905868934467435,-0.3860620064660907,0.3387062290217727,0.019640171737410127,0.2478515625
170,348160,-0.005389895956614055,0.43884710636921226,-0.3932424791157246,0.21403365697478877,0.01968887140537845,0.253466796875
171,350208,-0.007594367970887106,0.5627218261361122,-0.4243187069892883,0.2737665450433269,0.02101859185495414,0.27333984375
172,352256,-0.004747377324383706,0.4672124125529081,-0.4435790978372097,0.22885882928967477,0.021414594046655112,0.26806640625
173,354304,-0.007208812664612196,0.5873950543813408,-0.46681434884667394,0.28648871365003287,0.019252046571637038,0.247705078125
174,356352,-0.009527408701251261,0.5071055305190384,-0.4749904491007328,0.24402535639237613,0.021833477303152903,0.273828125
175,358400,-0.009510179632343352,0.5573647181503475,-0.4983139973133802,0.2691721791634336,0.022620194611954504,0.265185546875
176,360448,-0.01209294981090352,0.3688230937812477,-0.5506611362099647,0.17231859752209858,0.021849409319111147,0.279150390625
177,362496,-0.006841807768796571,0.44555853782221677,-0.5677803538739681,0.2159374614711851,0.026614187052473426,0.2984375
178,364544,-0.006456090642313938,0.5228794003836811,-0.5573833823204041,0.25498361003119496,0.019426407155697233,0.24931640625
179,366592,-0.009542359615443275,0.537313719233498,-0.5513997703790665,0.2591144997160882,0.021860082144849004,0.26611328125
180,368640,-0.007223759798216633,0.5125286169350147,-0.5596204750239849,0.2490405482472852,0.020106363511877133,0.25107421875
181,370688,-0.004468284276663325,0.4339283764362335,-0.5778386123478413,0.21249590311199426,0.022930674121016636,0.2765625
182,372736,-0.008064886450301855,0.5805593251250685,-0.6105160001665354,0.28221477614715695,0.02093752065266017,0.266455078125
183,374784,-0.006765117705799639,0.5015818567946553,-0.6419650815427304,0.24402581120375544,0.02167003843060229,0.27099609375
184,376832,-0.007948751864023506,0.5239186010323464,-0.6722113054245711,0.2540105480933562,0.021050216929870656,0.259765625
185,378880,-0.0065186109655769545,0.43529821424745024,-0.6844696421176195,0.2111304967198521,0.020353601250099017,0.258154296875
186,380928,-0.011253111533005723,0.5559681946411729,-0.7015760976821184,0.2667309858836234,0.020573223772225903,0.267724609375
187,382976,-0.0112900444684783,0.5722754104062915,-0.7212870810180902,0.27484766030684116,0.02019202087249141,0.26123046875
188,385024,-0.008210843207780271,0.49712016158737243,-0.7367065954953432,0.24034923710860312,0.018982951465295626,0.247119140625
189,387072,-0.007292444817721844,0.4927132995799184,-0.734724560379982,0.23906420499552042,0.019879614518140444,0.25849609375
190,389120,-0.013149528991198168,0.5033508845604956,-0.7202924236655235,0.23852591335307807,0.02465105157752987,0.29853515625
191,391168,-0.0068103632016573105,0.4985571921337396,-0.7178748123347759,0.2424682329641655,0.02186197848932352,0.272314453125
192,393216,-0.011911756129120477,0.44964016606099905,-0.7224309537559748,0.21290832760278136,0.02198451281292364,0.280810546875
193,395264,-0.00568023064697627,0.5392382869962603,-0.7293093830347062,0.2639389134943485,0.02307856520928908,0.28173828125
194,397312,-0.008924474223749711,0.4968069303315133,-0.724133962020278,0.2394789912039414,0.022208429529564457,0.257421875
195,399360,-0.006793559488141909,0.4450434850528836,-0.7248135965317488,0.21572818304412067,0.023594858392607422,0.287109375
196,401408,-0.010021570872049778,0.5083793768659234,-0.7493853341788054,0.2441681174794212,0.02133701723359991,0.27412109375
197,403456,-0.009969224355882034,0.6598116465844214,-0.7673746295273304,0.31993659932632,0.023763522220542656,0.294775390625
198,405504,-0.009548628315678797,0.7137402489781379,-0.7651270233094692,0.34732149592600764,0.02296142834238708,0.28154296875
199,407552,-0.004043405532138422,0.5961414556950331,-0.7534912683069706,0.2940273223444819,0.019030530730378813,0.244921875
200,409600,-0.011183235957287253,0.43292244407348335,-0.7722939938306809,0.2052779854973778,0.022916433823411353,0.276123046875
201,411648,-0.0057185324199963364,0.5136903570964932,-0.8051732301712036,0.2511266459943727,0.01913359418977052,0.25126953125
202,413696,-0.005772169280680828,0.5298182547092438,-0.8299719639122486,0.25913695760536937,0.018310963379917666,0.245361328125
203,415744,-0.011162753900862299,0.49212837535887954,-0.8523549664765596,0.23490143357776105,0.020686383338761515,0.25283203125
204,417792,-0.008973932928347495,0.4852879324462265,-0.8733269546180964,0.2336700334912166,0.01916210635972675,0.241357421875
205,419840,-0.006500811615842395,0.40333038312382996,-0.8873634144663811,0.1951643793610856,0.021349021408241242,0.267578125
206,421888,-0.01126598654082045,0.5957485469058156,-0.8942464623600245,0.2866082870634273,0.020476985862478612,0.260986328125
207,423936,-0.0030861979292239996,0.44564402252435686,-0.8847528092563153,0.21973581314086915,0.019195821686298586,0.25087890625
208,425984,-0.008387716801371426,0.4265971457585692,-0.8717567540705204,0.2049108557170257,0.022660185256972908,0.2798828125
209,428032,-0.01093688205583021,0.6246438204310835,-0.8732245910912753,0.3013850282644853,0.020963357301661746,0.267578125
210,430080,-0.010866048018215224,0.42909750118851664,-0.8828329872339964,0.20368270245380699,0.02586694441270083,0.2849609375
211,432128,-0.009965910381288268,0.3718978018499911,-0.8933416083455086,0.17598299090750516,0.023873430490493775,0.289208984375
212,434176,-0.008224387653172016,0.37618916793726387,-0.9204261314123869,0.17987019668798893,0.026657737683854064,0.296435546875
213,436224,-0.005019858019659295,0.37092844685539605,-0.9424981664866209,0.18044436597265304,0.020448666202719325,0.262255859375
214,438272,-0.010908884747186676,0.5030746552161872,-0.9443739343434572,0.24062844298314304,0.0228869297192432,0.291259765625
215,440320,-0.006350560684222728,0.5028694858308882,-0.9499631300568581,0.24508418270852417,0.020553160313284025,0.270458984375
216,442368,-0.007259548848378472,0.4409687946550548,-0.9618248708546162,0.21322484822012483,0.026828789262799545,0.285302734375
217,444416,-0.011872453382238746,0.4547302602324635,-1.0061497382819653,0.2154926761984825,0.01998459035239648,0.2541015625
218,446464,-0.011590898607391865,0.5086002128198743,-1.0338460370898246,0.2427092075929977,0.02437492589233443,0.30234375
219,448512,-0.006319667324714828,0.5275896782521159,-1.0455547034740449,0.25747517105191947,0.0212434294517152,0.266552734375
220,450560,-0.013431240306817926,0.4996403444558382,-1.0642391782253982,0.2363889317261055,0.026010429218877106,0.304931640625
221,452608,-0.008014489230117761,0.4310878220014274,-1.0944279436022044,0.20752942161634563,0.02348887621774338,0.28408203125
222,454656,-0.014310565986670553,0.4759126306977123,-1.1270159229636192,0.22364574954845012,0.023403421218972653,0.294970703125
223,456704,-0.009251185230095871,0.45623281234875324,-1.1379970755428075,0.2188652211567387,0.024000349020934664,0.2830078125
224,458752,-0.008373846966424025,0.4533389535266906,-1.149584386497736,0.21829562906641514,0.024596033923444338,0.300341796875
225,460800,-0.011205256811808794,0.5624168737791478,-1.1478126503527164,0.2700031798100099,0.023617941950215028,0.289453125
226,462848,-0.00709122174012009,0.4176269968505949,-1.15867339707911,0.2017222765600309,0.023780853269272484,0.29189453125
227,464896,-0.010675199388060719,0.4126255355775356,-1.1695693582296371,0.19563756815623493,0.024355420464416966,0.303515625
228,466944,-0.0028455137507990003,0.4526384495664388,-1.1758128926157951,0.2234737105667591,0.02255772840871941,0.27998046875
229,468992,-0.004982602389645763,0.4383670870680362,-1.1785383589565754,0.21420094163622708,0.02010861680028029,0.257275390625
230,471040,-0.010816970799351112,0.6033939864952117,-1.1899941228330135,0.29088002198841423,0.02394522535032593,0.289404296875
231,473088,-0.005352919088909403,0.3548490629065782,-1.2197565972805022,0.17207161241676658,0.022102191182784735,0.276123046875
232,475136,-0.008452112149097957,0.476640993822366,-1.2457866601645946,0.22986838426440953,0.02550739141588565,0.300244140625
233,477184,-0.007388937973883003,0.6346144793555141,-1.2741159871220589,0.30991830113343893,0.021506586082978174,0.26708984375
234,479232,-0.009121896396391094,0.5857853652443736,-1.278662334010005,0.28377078627236185,0.027651054013404064,0.29931640625
235,481280,-0.011405142600415275,0.41933567291125656,-1.2976718071848155,0.19826269373297692,0.023501447946182454,0.29296875
236,483328,-0.011072325523127802,0.47101759710349145,-1.3139382842928171,0.22443647324107588,0.02287919215450529,0.282958984375
237,485376,-0.009456814432633109,0.5030046512372792,-1.3106782525777816,0.24204551072325559,0.02419428303546738,0.28486328125
238,487424,-0.0054680007509887215,0.4743087919894606,-1.323039785772562,0.23168639552313836,0.0228617382934317,0.281298828125
239,489472,-0.005771920422557741,0.4945038828067482,-1.338110876455903,0.24148002087604253,0.023595675351680258,0.293310546875
240,491520,-0.008740033951471559,0.47475469605997206,-1.3619425352662802,0.2286373140756041,0.02249471100221854,0.28134765625
241,493568,-0.0074958156968932595,0.5080398402642459,-1.4004702549427748,0.24652410452254117,0.024564357017516157,0.29609375
242,495616,-0.009972917899722234,0.5612153267487884,-1.4033395048230886,0.2706347460392863,0.027020115550840273,0.30693359375
243,497664,-0.009973069879924879,0.40488531049340964,-1.3786454997956752,0.1924695855239406,0.025201549936900845,0.294091796875
244,499712,-0.008959074917947873,0.39983366993255914,-1.369189352169633,0.19095776062458752,0.024840058584231883,0.289501953125
