day,T_in,T_out,H_in,W_soil,N_soil,LAI,B,DVS,heat,vent,irr_mm,fert_kg_ha,f_T,g_W,h_N,drainage_mm,ET_mm,reward,odul_r_growth,odul_c_water,odul_c_energy,odul_c_fert,odul_c_stress,odul_c_humid,odul_r_terminal
0,12.81031608581543,10.81031608581543,0.7268937826156616,0.30000001192092896,60.0,0.05000000074505806,2.0,0.0,1.0,0.0,0.0,0.0,0.0,0.7793260713572228,0.6666666666666666,0.0,1.5505482244869941,-0.09770036309880556,0.0,0.0,0.02,0.0,0.07770036309880556,0.0,0.0
1,44.83156967163086,12.528923988342285,0.7353063225746155,0.2948315143585205,60.0,0.02500000037252903,2.0,0.023221047595143318,0.0,1.0,0.0,0.0,0.7902535039975641,0.7710304249324855,0.6666666666666666,0.0,0.6221724376197373,-0.026681395082747996,0.011921075137416196,0.0,0.0,0.0,0.03860247022016419,0.0,0.0
2,27.887718200683594,9.491644859313965,0.5788360834121704,0.2927576005458832,60.0,0.026490135118365288,2.119210720062256,0.03514619171619415,0.0,1.0,0.0,0.0,1.0,0.7659062432527104,0.6665562497777638,0.0,0.3843119198116883,-0.013612869647760859,0.01476400570071543,0.0,0.0,0.0,0.02837687534847629,0.0,0.0
3,18.0115909576416,14.597859382629395,0.5552780628204346,0.2914765477180481,59.97019577026367,0.028335634618997574,2.266850709915161,0.04048725217580795,0.7976818084716797,0.0,0.0,0.0,0.0,0.7478537334826354,0.6664193935781496,0.0,1.353934304216774,-0.09523997981639434,0.0,0.0,0.015953636169433592,0.0,0.07928634364696074,0.0,0.0
4,44.207069396972656,13.629711151123047,0.6360765695571899,0.28696343302726746,59.933284759521484,0.028335634618997574,2.266850709915161,0.06329196691513062,0.0,1.0,0.0,0.0,0.7705421365048042,0.7383922134640981,0.6664193898819667,0.0,0.7096138983728842,-0.025761671369289307,0.015470641638167247,0.0,0.0,0.0,0.041232313007456556,0.0,0.0
5,28.065120697021484,12.402264595031738,0.511809229850769,0.28459805250167847,59.933284759521484,0.03026946447789669,2.4215571880340576,0.07533538341522217,0.0,1.0,0.0,0.0,1.0,0.7307510102093195,0.6662758688693479,0.0,0.5730899848045796,-0.008010354943029617,0.022138301103037016,0.0,0.0,0.0,0.030148656046066633,0.0,0.0
6,21.886981964111328,12.54047966003418,0.5442613959312439,0.2826877534389496,59.89460754394531,0.03303675353527069,2.6429402828216553,0.08326003700494766,0.022603601217269897,0.0,0.0,0.0,0.7606940247312133,0.7216116595927828,0.6660702748233993,0.0,0.6854515622261772,-0.02740905589310174,0.015624218173873878,0.0,0.00045207202434539796,0.0,0.04258120204263022,0.0,0.0
7,28.15375328063965,13.632224082946777,0.5784153938293457,0.28040292859077454,59.83926010131836,0.03498978167772293,2.799182415008545,0.09536253660917282,0.0,1.0,0.0,0.0,1.0,0.7139047913215488,0.6659250185593334,0.0,0.578019228116207,-0.007840266924702806,0.023168242581253086,0.0,0.0,0.0,0.031008509505955892,0.0,0.0
8,22.351459503173828,12.943047523498535,0.4871428608894348,0.27847620844841003,59.800201416015625,0.03788581117987633,3.030864953994751,0.10359684377908707,0.0,0.0702919065952301,0.15237927436828613,0.0,1.0,0.7089794993311835,0.6657094099974853,0.0,0.5217793590525296,-0.008414857957389867,0.023079265487729123,0.0002285689115524292,0.0,0.0,0.03126555453356656,0.0,0.0
9,24.247915267944336,13.173741340637207,0.5576319098472595,0.2772448658943176,59.742279052734375,0.040770720690488815,3.26165771484375,0.11309545487165451,0.0,0.4495830535888672,0.27551352977752686,0.0,1.0,0.7075914015705513,0.6654943391314379,0.0,0.379618180281474,-0.011338253026313333,0.020420730233253498,0.00041327029466629026,0.0,0.0,0.03134571296490054,0.0,0.0
10,20.848630905151367,14.760773658752441,0.5537026524543762,0.2768978476524353,59.6845817565918,0.04332331195473671,3.465865135192871,0.12032787501811981,0.23027381300926208,0.0,0.3102153539657593,0.0,0.6234743589183114,0.7051150172028287,0.665303820756684,0.0,0.49594335948420937,-0.042865114511373474,0.012511024935869204,0.0004653230309486389,0.004605476260185242,0.0,0.050305340156108797,0.0,0.0
11,29.388731002807617,14.620797157287598,0.5461075901985168,0.2762787640094757,59.63352966308594,0.04488719254732132,3.590975284576416,0.13325369358062744,0.0,1.0,0.37212371826171875,0.0,1.0,0.7044272561575171,0.6651869869713896,0.0,0.4237087092906496,-0.00635688619612039,0.025720587224826858,0.0005581855773925781,0.0,0.0,0.03151928784355467,0.0,0.0
12,23.259817123413086,13.920615196228027,0.5326614379882812,0.2761068046092987,59.60225296020508,0.04810226336121559,3.8481812477111816,0.14209356904029846,0.0,0.25196343660354614,0.38931965827941895,0.0,1.0,0.7019250940467436,0.6649465450118935,0.0,0.5769789875632632,0.0005357907102192527,0.032776188244706524,0.0005839794874191284,0.0,0.0,0.03165641804706814,0.0,0.0
13,23.525039672851562,14.056658744812012,0.5178083181381226,0.27548128366470337,59.5379524230957,0.052199289202690125,4.175942897796631,0.15111026167869568,0.0,0.3050079345703125,0.45187175273895264,0.0,1.0,0.7024405012525032,0.6646396441646091,0.0,0.41321925821223143,-0.0065649553995974635,0.025758844958655353,0.000677807629108429,0.0,0.0,0.03164599272914439,0.0,0.0
14,23.02973175048828,14.594315528869629,0.52690589427948,0.2756101191043854,59.45601272583008,0.05541914328932762,4.433531284332275,0.15979674458503723,0.0,0.20594635605812073,0.43898820877075195,0.0,1.0,0.7014820527505214,0.664398055744596,0.0,0.5108699837972621,0.0015427509173741236,0.03390722780577438,0.0006584823131561279,0.0,0.0,0.03170599457524413,0.0,0.0
15,24.18309211730957,13.599980354309082,0.568410336971283,0.2753705084323883,59.39161682128906,0.059657543897628784,4.772603511810303,0.16925214231014252,0.0,0.4366184175014496,0.462949275970459,0.0,1.0,0.6987925301975455,0.6640795144011409,0.0,0.6646620408710449,0.013183207868014746,0.045734029552036114,0.0006944239139556885,0.0,0.0,0.03185639777006568,0.0,0.0
16,22.819799423217773,14.083450317382812,0.5795499086380005,0.2746981382369995,59.30685043334961,0.06537429988384247,5.229943752288818,0.17779867351055145,0.0,0.16395989060401917,0.5301862955093384,0.0,1.0,0.6967990333654195,0.6636489073203952,0.0,0.6797002642027327,0.010010565067458552,0.04278344747643183,0.0007952794432640075,0.0,0.0,0.03197760296570927,0.0,0.0
17,25.686687469482422,15.679533004760742,0.565642237663269,0.2741997539997101,59.1925163269043,0.07072222977876663,5.657778263092041,0.18825647234916687,0.0,0.7373374700546265,0.5800247192382812,0.0,1.0,0.6959774893327055,0.6632450784193255,0.0,0.6416392191984011,0.0236589262831325,0.05656783497438838,0.0008700370788574218,0.0,0.0,0.032038871612398455,0.0,0.0
18,23.659194946289062,14.829485893249512,0.7043328881263733,0.2739943861961365,59.08555603027344,0.07779321074485779,6.223456382751465,0.19736260175704956,0.0,0.331838995218277,0.6005614995956421,0.0,1.0,0.6980478053874541,0.6627096377591976,0.0,0.4452919543775285,0.010263580923450207,0.043126551015511085,0.0009008422493934631,0.0,0.0,0.031962127842667415,0.0,0.0
19,22.372844696044922,13.131637573242188,0.6830579042434692,0.2745119631290436,58.94413757324219,0.08318402618169785,6.654721736907959,0.20561116933822632,0.0,0.07456892728805542,0.5488038063049316,0.0,1.0,0.6999321662072171,0.662300288933498,0.0,0.4074802794767344,0.0009496344148653829,0.03366121736728703,0.0008232057094573975,0.0,0.0,0.03188837724296425,0.0,0.0
20,23.387514114379883,14.645426750183105,0.638348400592804,0.2749830484390259,58.83632278442383,0.0873916745185852,6.991333961486816,0.2145361751317978,0.0,0.2775028347969055,0.5016952753067017,0.0,1.0,0.6963573457486181,0.6619800948242137,0.0,0.7698088758681164,0.032778350190401484,0.06561402107471995,0.0007525429129600524,0.0,0.0,0.03208312797135841,0.0,0.0
21,25.863122940063477,16.51434326171875,0.6367767453193665,0.27408933639526367,58.75217056274414,0.09559343010187149,7.64747428894043,0.22511158883571625,0.0,0.7726246118545532,0.5910664796829224,0.0,1.0,0.6989278781487982,0.6613542002292833,0.0,0.39827653710216565,0.015653589783944766,0.04852608558456508,0.0008865997195243835,0.0,0.0,0.03198589608109593,0.0,0.0
22,21.955007553100586,15.349055290222168,0.4787619113922119,0.27473196387290955,58.588134765625,0.10165918618440628,8.132735252380371,0.23308159410953522,0.008998483419418335,0.0,0.526803731918335,0.0,0.46494524185390695,0.6946315494854836,0.6608898098514737,0.0,0.8490266823799333,-0.030402984849606088,0.02954386035711658,0.0007902055978775024,0.0001799696683883667,0.0,0.0589766699404568,0.0,0.0
23,30.815492630004883,15.642447471618652,0.5087507963180542,0.273657888174057,58.466819763183594,0.10535217076539993,8.428174018859863,0.24695858359336853,0.0,1.0,0.6342113018035889,0.0,1.0,0.6951988324120408,0.6606064559678821,0.0,0.5916653231176328,0.03117976445610344,0.06434081698981267,0.0009513169527053832,0.0,0.0,0.03220973558100385,0.0,0.0
24,23.71448516845703,16.996368408203125,0.5348328351974487,0.27379971742630005,58.39295959472656,0.11339477449655533,9.071581840515137,0.2561015784740448,0.0,0.3428970277309418,0.6200283765792847,0.0,1.0,0.6967661286816327,0.6599877206578834,0.0,0.5024839533468481,0.03043651640815142,0.06352886650604454,0.000930042564868927,0.0,0.0,0.0321623075330242,0.0,0.0
25,23.97835350036621,18.938596725463867,0.5368746519088745,0.2741915285587311,58.23210906982422,0.12133587896823883,9.706870079040527,0.26542046666145325,0.0,0.39567071199417114,0.5808472633361816,0.0,0.8208074491966235,0.6939216226835418,0.6593745838865964,0.0,0.7941841296898806,0.027253612775477692,0.06941970088214389,0.0008712708950042725,0.0,0.0,0.04129481721166192,0.0,0.0
26,27.612733840942383,15.299964904785156,0.5360177755355835,0.2734804153442383,58.07328796386719,0.1300133317708969,10.401066780090332,0.2771622836589813,0.0,1.0,0.6519585847854614,0.0,1.0,0.693278400106742,0.6587020571425221,0.0,0.7002031800512977,0.05512601450546137,0.08850492952017636,0.0009779378771781922,0.0,0.0,0.0324009771375368,0.0,0.0
27,23.07411766052246,18.56012535095215,0.43538984656333923,0.2733196020126343,57.89973831176758,0.1410764455795288,11.286115646362305,0.28587836027145386,0.0,0.21482354402542114,0.6680399179458618,0.0,0.896246778812427,0.6925703082149148,0.6578407680795323,0.0,0.7211474056175321,0.0496837412473957,0.08835290836897078,0.0010020598769187926,0.0,0.0,0.037667107244656294,0.0,0.0
28,26.933778762817383,14.860862731933594,0.45935869216918945,0.27314257621765137,57.67847442626953,0.15212056040763855,12.169644355773926,0.2971675395965576,0.0,0.9867557287216187,0.6857424974441528,0.0,1.0,0.6937663282550572,0.6569766070541674,0.0,0.5960407436102803,0.06234069630784305,0.09583216328854804,0.0010286137461662291,0.0,0.0,0.03246285323453877,0.0,0.0
29,22.301366806030273,17.136415481567383,0.5313120484352112,0.2734415829181671,57.45759201049805,0.1640995740890503,13.127965927124023,0.30536845326423645,0.0,0.06027334928512573,0.6558418273925781,0.0,0.5420661003847363,0.6905129280142668,0.6560343506017637,0.0,0.8998471017727087,0.004462628374198321,0.061015722165248865,0.0009837627410888671,0.0,0.0,0.05556933104996167,0.0,0.0
30,30.12140464782715,15.28772258758545,0.5262042284011841,0.27262821793556213,57.21800994873047,0.1717265397310257,13.738122940063477,0.3187827169895172,0.0,1.0,0.7371783256530762,0.0,1.0,0.6930229596422723,0.6554317138776917,0.0,0.5489217331512977,0.06920087232474048,0.1028839061372219,0.0011057674884796143,0.0,0.0,0.0325772663240018,0.0,0.0
31,22.74277114868164,19.237272262573242,0.5265557169914246,0.27325573563575745,57.06547164916992,0.1845870316028595,14.766962051391602,0.32727789878845215,0.0,0.1485542356967926,0.6744265556335449,0.0,0.7730652713272007,0.692063754456995,0.65441077440131,0.0,0.7463656620861687,0.05280982314875943,0.09784447297293447,0.0010116398334503174,0.0,0.0,0.044023009990724726,0.0,0.0
32,28.04241180419922,18.62903594970703,0.5670090913772583,0.27301594614982605,56.80826187133789,0.19681759178638458,15.745407104492188,0.33930617570877075,0.0,1.0,0.6984055042266846,0.0,1.0,0.6928794721651825,0.653434209841557,0.0,0.63722893678582,0.08866257551272641,0.12239449966872946,0.001047608256340027,0.0,0.0,0.03268431589966302,0.0,0.0
33,24.579158782958984,19.25279426574707,0.4325096607208252,0.27321985363960266,56.56365203857422,0.21211689710617065,16.96935272216797,0.3490256071090698,0.0,0.5158317685127258,0.6780147552490234,0.0,1.0,0.6941487094307379,0.6522048246326902,0.0,0.5828176398244892,0.07297529251035548,0.1066746379400576,0.0010170221328735351,0.0,0.0,0.032682323296828596,0.0,0.0
34,24.60081672668457,16.385986328125,0.5105668902397156,0.27353718876838684,56.257667541503906,0.2254512459039688,18.03609848022461,0.35875949263572693,0.0,0.520163357257843,0.6462812423706055,0.0,1.0,0.6923520374410337,0.6511262033560112,0.0,0.7810350648091454,0.14019262580607844,0.1739881356297821,0.0009694218635559081,0.0,0.0,0.03282608796014776,0.0,0.0
35,23.89023780822754,18.9091854095459,0.47089794278144836,0.2730880081653595,55.99098205566406,0.24719974398612976,19.77597999572754,0.36801964044570923,0.0,0.37804755568504333,0.6911993026733398,0.0,0.9566591309099013,0.6928198288396363,0.6493525189161793,0.0,0.6561145893084674,0.0870113267318858,0.12310655175260997,0.0010367989540100097,0.0,0.0,0.03505842606671416,0.0,0.0
36,26.39006805419922,17.271900177001953,0.5029139518737793,0.2732049524784088,55.55601119995117,0.2625880837440491,21.00704574584961,0.37894636392593384,0.0,0.8780136108398438,0.6795048713684082,0.0,1.0,0.6930700690471769,0.6480865962326385,0.0,0.6607354363527893,0.11373585457985147,0.1476972786229133,0.0010192573070526123,0.0,0.0,0.03294216673600923,0.0,0.0
37,23.241289138793945,17.53240966796875,0.4853709936141968,0.2732675075531006,55.24824523925781,0.2810502350330353,22.484018325805664,0.38777390122413635,0.0,0.2482578158378601,0.673249363899231,0.0,1.0,0.6939268654427924,0.6465556936578054,0.0,0.608986721619986,0.12714874936443316,0.16113449545525213,0.0010098740458488464,0.0,0.0,0.032975872044970114,0.0,0.0
38,25.2412109375,19.146360397338867,0.5441945791244507,0.27348172664642334,54.87900161743164,0.301192045211792,24.09536361694336,0.3979347050189972,0.0,0.648242175579071,0.6518274545669556,0.0,1.0,0.6912731028337471,0.6448702439856361,0.0,0.8508627359629268,0.1663930900943722,0.20056366393525346,0.0009777411818504332,0.0,0.0,0.03319283265903084,0.0,0.0
39,25.808473587036133,19.869699478149414,0.47440871596336365,0.27281826734542847,54.476165771484375,0.326262503862381,26.10099983215332,0.4084737002849579,0.0,0.7616947293281555,0.7181733846664429,0.0,1.0,0.6896407047183828,0.6427497832623742,0.0,0.8406007344162766,0.1899721672051844,0.2244299028831462,0.0010772600769996643,0.0,0.0,0.033380475600962155,0.0,0.0
40,25.31381607055664,19.029319763183594,0.5329534411430359,0.27241018414497375,53.97475814819336,0.35431623458862305,28.345298767089844,0.41868290305137634,0.0,0.662763237953186,0.7589817047119141,0.0,1.0,0.6873122190578782,0.6403467778855801,0.0,0.9336205188631809,0.2088979355704525,0.24365345828034746,0.001138472557067871,0.0,0.0,0.03361705015282709,0.0,0.0
41,25.99573516845703,17.948776245117188,0.5366606712341309,0.2718280553817749,53.4136848449707,0.384772926568985,30.78183364868164,0.4293467402458191,0.0,0.7991470098495483,0.8171945810317993,0.0,1.0,0.6819624565777209,0.637701073606392,0.0,1.2184269522352045,0.27839657173141863,0.3136391870937607,0.001225791871547699,0.0,0.0,0.03401682349079435,0.0,0.0
42,25.71942901611328,17.820098876953125,0.5092087984085083,0.2704906165599823,52.80455017089844,0.4239778220653534,33.9182243347168,0.4398263692855835,0.0,0.7438858151435852,0.9509384632110596,0.0,1.0,0.6804175025441952,0.6342375688725754,0.0,1.0668107403911165,0.26547345854498183,0.3011671126689599,0.0014264076948165892,0.0,0.0,0.03426724642916147,0.0,0.0
43,25.72096824645996,21.39336585998535,0.49270471930503845,0.27010437846183777,52.020450592041016,0.4616236984729767,36.92989730834961,0.4503070116043091,0.0,0.7441936731338501,0.9895622730255127,0.0,1.0,0.6835758756605494,0.6308488893097981,0.0,0.7526851370356468,0.22321106826515094,0.25897417342617185,0.001484343409538269,0.0,0.0,0.034278761751482624,0.0,0.0
44,25.361358642578125,20.285877227783203,0.4451677203178406,0.27089396119117737,51.26753234863281,0.4939954876899719,39.51963806152344,0.46054792404174805,0.0,0.672271728515625,0.9106040000915527,0.0,0.8935579942470745,0.6781805771747873,0.6278843471051051,0.0,1.315249069335729,0.3034558328188983,0.3448405928926873,0.001365906000137329,0.0,0.0,0.04001885407365166,0.0,0.0
45,26.957977294921875,20.642616271972656,0.5443910956382751,0.26954513788223267,50.62009811401367,0.5371005535125732,42.96804428100586,0.47185325622558594,0.0,0.991595447063446,1.045486330986023,0.0,1.0,0.6806659666847408,0.6238621672194107,0.0,0.8590801943002688,0.26728209154891613,0.3036239143501876,0.0015682294964790343,0.0,0.0,0.034773593304792426,0.0,0.0
46,25.50333595275879,23.006324768066406,0.4644986391067505,0.2701664865016937,49.75799560546875,0.5750535130500793,46.0042839050293,0.4821888208389282,0.0,0.7006672024726868,0.983351469039917,0.03025054931640625,0.6782068685820902,0.6775871772704232,0.6203934093417153,0.0,1.2142591242663043,0.2071911490913574,0.2599778057324715,0.0014750272035598754,0.0,0.00012100219726562501,0.05119062724028858,0.0,0.0
47,28.896137237548828,18.675365447998047,0.48005983233451843,0.2693967819213867,49.0291862487793,0.6075507998466492,48.604061126708984,0.49478623270988464,0.0,1.0,1.0603219270706177,0.12135177850723267,1.0,0.6760770444448403,0.6178372843123925,0.0,1.17357817012361,0.3067759947441291,0.34415616831090234,0.0015904828906059265,0.0,0.00048540711402893065,0.03530428356213836,0.0,0.0
48,25.140838623046875,23.906414031982422,0.3979528248310089,0.2690192759037018,48.50059509277344,0.650570273399353,52.045623779296875,0.5048801302909851,0.0,0.6281677484512329,1.0980725288391113,0.1874256134033203,0.7795462280036164,0.6776615054616599,0.614532783665803,0.0,0.9792423903251523,0.20674619563299695,0.25555598102331495,0.0016471087932586669,0.0,0.0007497024536132813,0.04641297414344604,0.0,0.0
49,27.98408317565918,24.96165657043457,0.4132644236087799,0.26941537857055664,47.82762908935547,0.6825147867202759,54.6011848449707,0.5168695449829102,0.0,1.0,1.0584622621536255,0.2715463936328888,0.5872330252380719,0.6735689236940907,0.6127047583859657,0.0,1.365406556263828,0.20116785742591192,0.2601664010277675,0.0015876933932304383,0.0,0.0010861855745315553,0.05632466463409358,0.0,0.0
50,29.714902877807617,22.83098030090332,0.39507970213890076,0.2683922350406647,47.46028518676758,0.715035617351532,57.202850341796875,0.5300127863883972,0.0,1.0,1.1607766151428223,0.31746432185173035,0.5481709309469254,0.6699333177221116,0.6110328383432729,0.0,1.433448298183855,0.1669275349454453,0.22848170280495095,0.0017411649227142333,0.0,0.0012698572874069215,0.0585431456493845,0.0,0.0
51,30.06646156311035,21.812088012695312,0.4739043414592743,0.26748332381248474,47.12733459472656,0.7435958385467529,59.487667083740234,0.5433904528617859,0.0,1.0,1.2516677379608154,0.3590831160545349,0.6135727799391467,0.6665826401347907,0.6099601281347019,0.0,1.5029668715969335,0.2235721361769833,0.2823801928377107,0.0018775016069412231,0.0,0.0014363324642181396,0.05549422258956804,0.0,0.0
52,29.47784423828125,19.743762969970703,0.4017525613307953,0.2666456699371338,46.91521453857422,0.7788933515548706,62.31147003173828,0.5563756823539734,0.0,1.0,1.3354331254959106,0.38559824228286743,0.892876239269294,0.6674956039184354,0.6083288212859079,0.0,1.266963812753399,0.30904251419641954,0.35415302363011303,0.002003149688243866,0.0,0.0015423929691314698,0.04156496677631814,0.0,0.0
53,26.964113235473633,22.3992919921875,0.4971461296081543,0.26687389612197876,46.59486389160156,0.8231624960899353,65.85299682617188,0.567685067653656,0.0,0.9928226470947266,1.3126105070114136,0.4256419837474823,0.840988129471154,0.6655431384128196,0.6059637300989628,0.0,1.4590439626435678,0.3490147072749752,0.3970614410713354,0.00196891576051712,0.0,0.0017025679349899293,0.04437525010085318,0.0,0.0
54,27.431106567382812,20.411592483520508,0.4092940390110016,0.2663857936859131,46.13512420654297,0.8727951645851135,69.8236083984375,0.5793058276176453,0.0,1.0,1.361420750617981,0.4831095039844513,1.0,0.6676429926564906,0.6033088280814874,0.0,1.2039344071551186,0.3817852214167438,0.4222121995217097,0.0020421311259269715,0.0,0.0019324380159378052,0.0364524089631011,0.0,0.0
55,25.79202651977539,21.21122169494629,0.480113685131073,0.26691076159477234,45.625579833984375,0.925571620464325,74.04573059082031,0.5898338556289673,0.0,0.758405327796936,1.3089239597320557,0.5468025803565979,0.9438637413785721,0.6697705079531988,0.6006222407492161,0.0,1.1493643416738544,0.3156595468019936,0.3590973185589687,0.0019633859395980836,0.0,0.0021872103214263918,0.03928717549595065,0.0,0.0
56,26.505226135253906,20.97611427307129,0.44756758213043213,0.26744261384010315,45.116851806640625,0.9704588055610657,77.63670349121094,0.6008373498916626,0.0,0.9010452032089233,1.2557387351989746,0.6103935837745667,0.9435671687786851,0.6643273481500827,0.5990886059577517,0.0,1.663971775973727,0.4431872410851924,0.4871632673787632,0.0018836081027984617,0.0,0.0024415743350982666,0.03965084385567403,0.0,0.0
57,26.507896423339844,22.005577087402344,0.45692887902259827,0.266081839799881,44.82950210571289,1.0313541889190674,82.50833892822266,0.6118426322937012,0.0,0.9015792608261108,1.3918161392211914,0.6463122367858887,0.8434916901251724,0.6632506486795635,0.5960026137865576,0.0,1.4725694282182302,0.3996368155792924,0.4491725411057031,0.002087724208831787,0.0,0.0025852489471435546,0.04486275237043533,0.0,0.0
58,27.4085750579834,23.680015563964844,0.5494254231452942,0.2658126652240753,44.25790786743164,1.087500810623169,87.00006103515625,0.623448371887207,0.0,1.0,1.4187335968017578,0.7177615165710449,0.6891283458417222,0.6604570352729096,0.5937862183618633,0.0,1.6282555185561405,0.2955777205395237,0.35340828702718574,0.0021281003952026366,0.0,0.00287104606628418,0.052831420026175246,0.0,0.0
59,28.7978458404541,21.082590103149414,0.44702064990997314,0.2651142477989197,43.85273742675781,1.1316767930984497,90.53414154052734,0.6359802484512329,0.0,1.0,1.4885753393173218,0.7684078812599182,0.7572245710515647,0.6519220776585919,0.5931520690200605,0.0,2.128693854598838,0.4757283063980462,0.530919865045551,0.0022328630089759826,0.0,0.003073631525039673,0.049885064113489155,0.0,0.0
60,28.184978485107422,20.605928421020508,0.46658074855804443,0.26298052072525024,43.73762512207031,1.1980417966842651,95.84333801269531,0.6481035947799683,0.0,1.0,1.7019480466842651,0.7827968895435333,0.8339812911328784,0.6478837116045248,0.5901254238485171,0.0,2.00482589391998,0.4321640201979874,0.48424860849689194,0.0025529220700263974,0.0,0.0031311875581741333,0.04640047867070399,0.0,0.0
61,27.494169235229492,20.747665405273438,0.4224576950073242,0.2619709372520447,43.19312286376953,1.2585728168487549,100.68582153320312,0.6597663760185242,0.0,1.0,1.8029063940048218,0.8508595824241638,0.9352647145475435,0.6472147634810925,0.5881008425395551,0.0,1.8530803085362966,0.597193896258288,0.6447726781505824,0.0027043595910072327,0.0,0.0034034383296966553,0.04147098397159045,0.0,0.0
62,26.582616806030273,20.96775245666504,0.37744033336639404,0.26180368661880493,42.8333625793457,1.3391693830490112,107.133544921875,0.6708214282989502,0.0,0.9165233373641968,1.8196314573287964,0.8958296477794647,0.8858383875888158,0.6440357582171079,0.5840108210045932,0.0,2.058055576687193,0.5375648860986709,0.5881834035352561,0.0027294471859931947,0.0,0.003583318591117859,0.04430575165947415,0.0,0.0
63,27.027454376220703,20.44158172607422,0.4808458089828491,0.26100894808769226,42.11725997924805,1.4126921892166138,113.015380859375,0.6821730732917786,0.0,1.0,1.8991053104400635,0.9853425621986389,1.0,0.6469783206606037,0.5811936051175107,0.0,1.6784156872024703,0.5472075181364763,0.5925889500620253,0.002848657965660095,0.0,0.003941370248794556,0.038591403711094284,0.0,0.0
64,25.590057373046875,21.38690185546875,0.5682269930839539,0.26174458861351013,41.632144927978516,1.4867658615112305,118.94126892089844,0.692566454410553,0.0,0.7180114984512329,1.8255412578582764,1.0459819436073303,0.7758261488633104,0.6409053258274071,0.5786318863970784,0.0,2.281018404855794,0.4958040025819781,0.552958074188805,0.0027383118867874146,0.0,0.0041839277744293215,0.050231831945610206,0.0,0.0
65,28.01756477355957,24.864267349243164,0.4946480095386505,0.2602263391017914,41.1966552734375,1.555885672569275,124.4708480834961,0.704578161239624,0.0,1.0,1.9773662090301514,1.1004181206226349,0.5604454900757447,0.6359592150634865,0.5769564107481651,0.0,2.348326809806085,0.3404793022268138,0.40917896822847966,0.002966049313545227,0.0,0.004401672482490539,0.06133194420563018,0.0,0.0
66,29.955989837646484,22.202468872070312,0.49183353781700134,0.2589898109436035,40.914676666259766,1.6070330142974854,128.56263732910156,0.7178821563720703,0.0,1.0,2.101019024848938,1.135665476322174,0.7777416445705122,0.6332015262392137,0.5776277573263816,0.0,2.3078478399889746,0.4842618699771297,0.5425275140128865,0.003151528537273407,0.0,0.004542661905288696,0.05057145359319462,0.0,0.0
67,28.000324249267578,23.64616584777832,0.3888256847858429,0.25830039381980896,41.02739334106445,1.6748489141464233,133.9879150390625,0.7298823595046997,0.0,1.0,2.1699607372283936,1.1215758323669434,0.6906468248249623,0.6334203305332311,0.5762271954022489,0.0,2.1535540931787485,0.3957136577822392,0.4584401846795274,0.0032549411058425902,0.0,0.004486303329467774,0.0549852824619779,0.0,0.0
68,28.784177780151367,21.60323143005371,0.35065004229545593,0.2583550810813904,40.79265213012695,1.7321540117263794,138.5723114013672,0.742405116558075,0.0,1.0,2.1644920110702515,1.1509184539318085,0.8589867642842479,0.6425414430204919,0.5762560449102105,0.0,1.480408108950475,0.33572078057464694,0.38968197979623204,0.003246738016605377,0.0,0.004603673815727234,0.04611078738925248,0.0,0.0
69,27.269119262695312,23.85111427307129,0.37860673666000366,0.2606353461742401,40.79747009277344,1.7808641195297241,142.46913146972656,0.7539178729057312,0.0,1.0,1.9364655017852783,1.150316298007965,0.723075039788867,0.6363887417750849,0.5773075080786795,0.0,2.397913720925955,0.483873729137946,0.5445411281005242,0.0029046982526779175,0.0,0.00460126519203186,0.05316143551786843,0.0,0.0
70,28.492324829101562,21.153533935546875,0.3821354806423187,0.2590971887111664,40.97358322143555,1.8489317893981934,147.91453552246094,0.7662460803985596,0.0,1.0,2.0902812480926514,1.1283020675182343,0.8484119236867791,0.6317860306854697,0.5759149817924708,0.0,2.435485560032352,0.5685826518912448,0.6234256352252208,0.003135421872138977,0.0,0.004513208270072937,0.04719435319176402,0.0,0.0
71,27.36429214477539,22.884639739990234,0.3951834440231323,0.25794652104377747,40.74053192138672,1.9268598556518555,154.14878845214844,0.7778222560882568,0.0,1.0,2.205348014831543,1.1574335396289825,0.8257894955172753,0.6322344345984525,0.5734965124179208,0.0,2.171721733080855,0.5383156745513552,0.594677408605436,0.0033080220222473145,0.0,0.00462973415851593,0.048423977873317564,0.0,0.0
72,27.567893981933594,27.482648849487305,0.39061638712882996,0.2580586075782776,40.33940124511719,2.001194477081299,160.09556579589844,0.7895342111587524,0.0,1.0,2.1941393613815308,1.2075749039649963,0.5240702601736744,0.6308475781827629,0.5717973311715552,0.0,2.2981532711575983,0.29423119398574993,0.36601694416728264,0.003291209042072296,0.0,0.004830299615859985,0.06366424152360037,0.0,0.0
73,30.283367156982422,23.394453048706055,0.3284405767917633,0.25771188735961914,40.06028366088867,2.0469467639923096,163.7557373046875,0.8030564785003662,0.0,1.0,2.2288113832473755,1.2424644827842712,0.5990605034852128,0.6257855326497135,0.5737892055698026,0.0,2.608462642404617,0.39083341391700155,0.45921472683777326,0.0033432170748710632,0.0,0.004969857931137085,0.06006823791476356,0.0,0.0
74,29.608455657958984,26.116939544677734,0.40062811970710754,0.25644639134407043,40.3877067565918,2.104348659515381,168.34788513183594,0.8161287903785706,0.0,1.0,2.355360984802246,1.2015366554260254,0.536915874064067,0.6258379029113392,0.5741129169959155,0.0,2.3514356696729464,0.36973293498806825,0.4412287883884096,0.003533041477203369,0.0,0.004806146621704101,0.06315666530143392,0.0,0.0
75,30.167757034301758,25.287622451782227,0.42335405945777893,0.25645947456359863,40.44120788574219,2.1595022678375244,172.7601776123047,0.8295739889144897,0.0,1.0,2.3540526628494263,1.1948490142822266,0.5785451793535638,0.6298364218589079,0.5746670861842027,0.0,2.0541633925109313,0.3586920639045525,0.4278501045861218,0.003531078994274139,0.0,0.004779396057128907,0.06084756563016629,0.0,0.0
76,29.793092727661133,24.543630599975586,0.3254203498363495,0.2574591040611267,40.53298568725586,2.2129833698272705,177.03868103027344,0.8427693843841553,0.0,1.0,2.2540897130966187,1.1833767592906952,0.6132874877303701,0.631659532024829,0.5753519384567527,0.0,2.117356029572467,0.39049079789613367,0.45759049159234383,0.003381134569644928,0.0,0.004733507037162781,0.05898505208940241,0.0,0.0
77,29.48041343688965,23.963016510009766,0.3374980092048645,0.25791487097740173,40.64673614501953,2.2701823711395264,181.61459350585938,0.8557563424110413,0.0,1.0,2.208513021469116,1.1691579222679138,0.5920119839743891,0.626027235791776,0.5755032420566493,0.0,2.6309316303064416,0.39713345994921323,0.46544573807934786,0.003312769532203674,0.0,0.004676631689071655,0.06032287690885927,0.0,0.0
78,29.671892166137695,27.039608001708984,0.38444390892982483,0.2565068006515503,40.67191696166992,2.3283631801605225,186.26905822753906,0.8688709139823914,0.0,1.0,2.3493200540542603,1.1660103499889374,0.4181028612838923,0.6247286137512178,0.5755176281057457,0.0,2.446714218178016,0.23225008131456776,0.30952064763856213,0.00352398008108139,0.0,0.00466404139995575,0.06908254484295721,0.0,0.0
79,31.23707389831543,25.0112361907959,0.4298984408378601,0.25618216395378113,40.674312591552734,2.367053270339966,189.3642578125,0.8830289840698242,0.0,1.0,2.3817837238311768,1.165710985660553,0.43239068250538537,0.6204483213031762,0.5778585216239496,0.0,2.7028088122273135,0.33066005322989533,0.40736069648665874,0.003572675585746765,0.0,0.004662843942642212,0.06846512372837445,0.0,0.0
80,31.108484268188477,27.736515045166016,0.35295721888542175,0.25511208176612854,41.06622314453125,2.417973279953003,193.4378662109375,0.8971012830734253,0.0,1.0,2.4887919425964355,1.1167220771312714,0.283472664718709,0.6189799812649013,0.5784417557847019,0.0,2.5989178775674144,0.16373223935328796,0.2478875954872921,0.0037331879138946533,0.0,0.004466888308525085,0.07595527991158439,0.0,0.0
81,32.44874572753906,24.534826278686523,0.35589736700057983,0.2547450065612793,41.16454315185547,2.4489593505859375,195.916748046875,0.9120671153068542,0.0,1.0,2.52549946308136,1.1044320464134216,0.4247594055901429,0.6148167112797529,0.581293629730645,0.0,2.8377480854836823,0.2856299957645159,0.36279248581476464,0.0037882491946220394,0.0,0.004417728185653687,0.06895651266997298,0.0,0.0
82,31.177165985107422,25.867521286010742,0.38436657190322876,0.2537041902542114,41.64925765991211,2.4943084716796875,199.544677734375,0.9261852502822876,0.0,1.0,2.629581093788147,1.0438427329063416,0.28938014940088563,0.6125467387858514,0.5820919093634982,0.0,2.79983276111273,0.1402283221282354,0.22414712482303126,0.00394437164068222,0.0,0.0041753709316253666,0.07579906012248824,0.0,0.0
83,32.39558029174805,26.647829055786133,0.4074174463748932,0.25313669443130493,41.78611755371094,2.522326946258545,201.78614807128906,0.9411156177520752,0.0,1.0,2.6863306760787964,1.0267353057861328,0.2835639007930742,0.6117786082772787,0.5847893677248247,0.0,2.743943384674379,0.18108522602609892,0.26521506942360273,0.004029496014118194,0.0,0.004106941223144532,0.07599340616024111,0.0,0.0
84,32.44792556762695,26.677387237548828,0.3192025125026703,0.2529446482658386,42.25248336791992,2.555478811264038,204.43829345703125,0.9560809135437012,0.0,1.0,2.7055352926254272,0.9684395790100098,0.20970876321004223,0.6092586137258336,0.5865370126627694,0.0,2.8945337429394966,0.10682143632230318,0.19447827809734908,0.0040583029389381405,0.0,0.0038737583160400393,0.07972478052006773,0.0,0.0
85,33.11262130737305,24.435012817382812,0.3518299162387848,0.25231465697288513,42.557884216308594,2.5797884464263916,206.38307189941406,0.9714893102645874,0.0,1.0,2.7685344219207764,0.9302644431591034,0.48641022126647,0.6078458320643749,0.5890520899529641,0.0,2.8744941089582094,0.4089786585915293,0.4826871108328565,0.004152801632881164,0.0,0.0037210577726364135,0.06583459283580956,0.0,0.0
86,30.6223087310791,25.457687377929688,0.34685230255126953,0.25196146965026855,43.001953125,2.6401243209838867,211.20994567871094,0.9852375388145447,0.0,1.0,2.803853154182434,0.8747558295726776,0.4825871634018017,0.6126093841124158,0.5871748501148507,0.0,2.446590240831825,0.36652713578253493,0.4401133689506459,0.004205779731273651,0.0,0.0034990233182907106,0.0658814301185466,0.0,0.0
87,30.656715393066406,26.327878952026367,0.33735495805740356,0.25315234065055847,42.66999053955078,2.695138454437256,215.611083984375,0.9990086555480957,0.0,1.0,2.6847660541534424,0.9162512421607971,0.23039119576784137,0.6073802902016268,0.5861267384880134,0.0,3.0769464841989826,0.15083864716449158,0.23733588999149086,0.004027149081230163,0.0,0.0036650049686431886,0.07880508877712591,0.0,0.0
88,32.92647933959961,25.509366989135742,0.4050905406475067,0.2518450617790222,42.485958099365234,2.7248055934906006,217.98443603515625,1.0142929553985596,0.0,1.0,2.815493941307068,0.9392552077770233,0.3306017248606044,0.605392786872385,0.5880924309031236,0.0,2.9645534595848675,0.24241675523470305,0.32419266984596606,0.004223240911960601,0.0,0.003757020831108093,0.07379565286819437,0.0,0.0
89,32.02458572387695,27.973970413208008,0.3140048384666443,0.25134819746017456,42.83187484741211,2.765329599380493,221.2263641357422,1.0289759635925293,0.0,1.0,2.8651803731918335,0.8960156142711639,0.11947134175445484,0.6051794035576874,0.5885756159053147,0.0,2.8811843444176564,0.013115720047320562,0.10533623500332012,0.00429777055978775,0.0,0.003584062457084656,0.08433868193912715,0.0,0.0
90,33.92475891113281,28.008079528808594,0.4203132688999176,0.2512948513031006,42.91740798950195,2.778496503829956,222.27972412109375,1.0449258089065552,0.0,1.0,2.870514988899231,0.8853240311145782,0.1990564294803979,0.6084480919277235,0.5920553676693376,0.0,2.625363485250143,0.08721497427646924,0.17508404843040343,0.0043057724833488464,0.0,0.003541296124458313,0.08002200554612704,0.0,0.0
91,33.208492279052734,24.358491897583008,0.36078691482543945,0.2521120309829712,43.539390563964844,2.800382137298584,224.0305633544922,1.0603981018066406,0.0,1.0,2.7887970209121704,0.8075761795043945,0.26765275829729046,0.6030064706698972,0.5940968510443586,0.0,3.1969210155612404,0.17483531863177473,0.25901101488058326,0.004183195531368256,0.0,0.0032303047180175784,0.07676219599942272,0.0,0.0
92,32.59112548828125,24.754302978515625,0.38374727964401245,0.2507516145706177,43.90925598144531,2.8327584266662598,226.62066650390625,1.0754588842391968,0.0,1.0,2.924838662147522,0.7613429427146912,0.33746173084649794,0.6001895627505347,0.5947209506726111,0.0,3.1361058270427247,0.2826651155294441,0.363479133080042,0.0043872579932212824,0.0,0.0030453717708587647,0.07338138778651782,0.0,0.0
93,31.962844848632812,25.70790672302246,0.3544638156890869,0.25004738569259644,44.0230712890625,2.8781931400299072,230.25546264648438,1.0901007652282715,0.0,1.0,2.995261549949646,0.7471160590648651,0.40353594350783734,0.6071421628637976,0.5938343486325987,0.0,2.473815042943762,0.29575620271042913,0.37301193652140135,0.0044928923249244685,0.0,0.0029884642362594605,0.06977437724978833,0.0,0.0
94,31.36817741394043,27.97420883178711,0.22735509276390076,0.251785546541214,43.861488342285156,2.9248197078704834,233.98558044433594,1.1043462753295898,0.0,1.0,2.8214454650878906,0.7673139870166779,0.16009546528111052,0.6063869016959123,0.5929237804410583,0.0,2.878091800258678,0.0602737681199222,0.14960488489471668,0.004232168197631836,0.0,0.0030692559480667114,0.08202969262909594,0.0,0.0
95,33.559139251708984,31.016145706176758,0.30098074674606323,0.25159671902656555,43.69627380371094,2.9435203075408936,235.48162841796875,1.1200523376464844,0.0,1.0,2.8403282165527344,0.7879658043384552,0.0,0.604115516242091,0.5951975718577397,0.0,3.0106802063655858,-0.0974467011371914,0.0,0.004260492324829101,0.0,0.0031518632173538207,0.09003434559500847,0.0,0.0
96,36.35755920410156,27.5609188079834,0.3344389796257019,0.2510288655757904,44.110225677490234,2.9435203075408936,235.48162841796875,1.1376240253448486,0.0,1.0,2.897113561630249,0.7362218201160431,0.0,0.6021976617199285,0.5991793731965775,0.0,3.040948605372737,-0.09722170587708424,0.0,0.0043456703424453735,0.0,0.0029448872804641725,0.0899311482541747,0.0,0.0
97,35.01632308959961,28.678497314453125,0.38843679428100586,0.25054940581321716,44.8464469909668,2.9435203075408936,235.48162841796875,1.1543015241622925,0.0,1.0,2.9450595378875732,0.6441941857337952,0.08368708713881921,0.6044693329902155,0.602599745711801,0.0,2.7746813075865675,-0.01084414004151485,0.0816124177162099,0.004417589306831359,0.0,0.0025767767429351806,0.08546219170795821,0.0,0.0
98,34.2468147277832,26.87592124938965,0.2934591472148895,0.2511173188686371,45.49064254760742,2.9537220001220703,236.29776000976562,1.1704660654067993,0.0,1.0,2.888268232345581,0.5636696517467499,0.24746585782013378,0.608985875862541,0.6044839973807106,0.0,2.5495232032461366,0.13687696648293807,0.2204172608852742,0.004332402348518371,0.0,0.0022546786069869997,0.07695321344683076,0.0,0.0
99,32.77280807495117,27.068401336669922,0.2792695462703705,0.2522464692592621,45.85028076171875,2.981274127960205,238.50193786621094,1.185647964477539,0.0,1.0,2.775353193283081,0.5187149345874786,0.25232165315802035,0.6106156232064195,0.6043153502126946,0.0,2.653122230580256,0.16941903663418573,0.25229429483360355,0.004163029789924622,0.0,0.0020748597383499147,0.07663736867114329,0.0,0.0
100,32.72910690307617,25.870880126953125,0.18100537359714508,0.25265389680862427,45.81795120239258,3.0128109455108643,241.02488708496094,1.2008006572723389,0.0,1.0,2.734610438346863,0.5227561295032501,0.399201290143784,0.6138377370385322,0.6037510070594742,0.0,2.4929492030442333,0.3275123751584867,0.40286581362193047,0.004101915657520294,0.0,0.0020910245180130005,0.06916049828791047,0.0,0.0
101,31.407188415527344,28.932273864746094,0.3177765905857086,0.2534594237804413,45.7099723815918,3.063169240951538,245.0535430908203,1.2150721549987793,0.0,1.0,2.654057741165161,0.5362534523010254,0.14077416299228515,0.6125599528755667,0.601270942490286,0.0,2.7498884096300444,0.056479852550035514,0.14487570005308045,0.003981086611747742,0.0,0.0021450138092041016,0.08226974708209311,0.0,0.0
102,33.7330322265625,30.563682556152344,0.34503257274627686,0.25314000248908997,45.23905944824219,3.0812788009643555,246.50230407714844,1.2308942079544067,0.0,1.0,2.685999870300293,0.5951175093650818,0.0,0.6103612222457977,0.6025015252509526,0.0,2.85090894859247,-0.09576633246807324,0.0,0.004028999805450439,0.0,0.0023804700374603274,0.08935686262516247,0.0,0.0
103,35.331172943115234,28.77585220336914,0.40422844886779785,0.2525902986526489,45.471988677978516,3.0812788009643555,246.50230407714844,1.2477816343307495,0.0,1.0,2.740970253944397,0.5660013854503632,0.0,0.6043807712033311,0.6054603761228461,0.0,3.1895020094892534,-0.09588340355640917,0.0,0.004111455380916595,0.0,0.0022640055418014526,0.08950794263369113,0.0,0.0
104,35.74856185913086,31.573671340942383,0.3423022925853729,0.2510952055454254,46.03799057006836,3.0812788009643555,246.50230407714844,1.2649472951889038,0.0,1.0,2.890479564666748,0.4952511191368103,0.0,0.601040989512742,0.6080134679016029,0.0,3.1409670148387265,-0.09586400095283011,0.0,0.004335719347000122,0.0,0.001981004476547241,0.08954727712928275,0.0,0.0
105,36.49297332763672,29.9438419342041,0.2968352437019348,0.25026023387908936,46.533241271972656,3.0812788009643555,246.50230407714844,1.282609224319458,0.0,1.0,2.973976731300354,0.43334484100341797,0.0,0.5974097914535372,0.6102204668924222,0.0,3.246312536011873,-0.09581283154366624,0.0,0.004460965096950531,0.0,0.0017333793640136718,0.08961848708270204,0.0,0.0
106,36.49754333496094,29.760507583618164,0.2996790111064911,0.24935245513916016,46.96658706665039,3.0812788009643555,246.50230407714844,1.3002742528915405,0.0,1.0,3.064754605293274,0.3791765868663788,0.0,0.5958432749692978,0.6121313103276089,0.0,3.1822455243439913,-0.0957151089905601,0.0,0.004597131907939911,0.0,0.0015167063474655152,0.08960127073515467,0.0,0.0
107,36.76387023925781,30.75907325744629,0.34522339701652527,0.24896082282066345,47.34576416015625,3.0812788009643555,246.50230407714844,1.3181167840957642,0.0,1.0,3.1039178371429443,0.331779420375824,0.0,0.5980999607377673,0.6137879930652346,0.0,2.9346676280094384,-0.09538859674706764,0.0,0.004655876755714416,0.0,0.001327117681503296,0.08940560230984992,0.0,0.0
108,36.147335052490234,30.882326126098633,0.34656429290771484,0.24952499568462372,47.67754364013672,3.0812788009643555,246.50230407714844,1.3355482816696167,0.0,1.0,3.0475005507469177,0.29030710458755493,0.0,0.5999001472957932,0.6152260231178687,0.0,2.9124882089495507,-0.0949761707237875,0.0,0.004571250826120377,0.0,0.0011612284183502197,0.0892436914793169,0.0,0.0
109,36.4922981262207,32.041038513183594,0.23406706750392914,0.2499750405550003,47.96784973144531,3.0812788009643555,246.50230407714844,1.3532098531723022,0.0,1.0,3.002496063709259,0.25401875376701355,0.0,0.5971007678965314,0.6164755383506156,0.0,3.2124506379694995,-0.0948410037982746,0.0,0.004503744095563888,0.0,0.0010160750150680542,0.08932118468764266,0.0,0.0
110,37.58512878417969,29.28446388244629,0.3824901282787323,0.24927519261837006,48.221866607666016,3.0812788009643555,246.50230407714844,1.3715999126434326,0.0,1.0,3.072480857372284,0.22226661443710327,0.0,0.5917186386503661,0.6175622220840993,0.0,3.476140744105853,-0.09503374470708358,0.0,0.004608721286058426,0.0,0.0008890664577484131,0.08953595696327674,0.0,0.0
111,36.956016540527344,27.223388671875,0.2666356563568115,0.2479296624660492,48.44413375854492,3.0812788009643555,246.50230407714844,1.3895705938339233,0.0,1.0,3.20703387260437,0.19448325037956238,0.0,0.5811019113348842,0.6185080417093884,0.0,4.003289262302823,-0.09560798615821117,0.0,0.004810550808906555,0.0,0.0007779330015182496,0.09001950234778637,0.0,0.0
112,35.86184310913086,30.995649337768555,0.3629424571990967,0.24527548253536224,48.63861846923828,3.0812788009643555,246.50230407714844,1.4068118333816528,0.0,1.0,3.472451865673065,0.17017275094985962,0.0,0.5775535344731964,0.6193318088564336,0.0,3.7385815407920178,-0.09604510163582754,0.0,0.005208677798509598,0.0,0.0006806910037994385,0.0901557328335185,0.0,0.0
113,37.60908126831055,30.07408332824707,0.39312559366226196,0.2443883866071701,48.80879211425781,3.0812788009643555,246.50230407714844,1.425217866897583,0.0,1.0,3.561161458492279,0.1489010453224182,0.0,0.576788297642083,0.6200496899096654,0.0,3.618555117487096,-0.09609544699144068,0.0,0.005341742187738419,0.0,0.0005956041812896728,0.09015810062241258,0.0,0.0
114,36.527069091796875,31.118898391723633,0.3268502354621887,0.2441970705986023,48.95769500732422,3.0812788009643555,246.50230407714844,1.4429025650024414,0.0,1.0,3.58029305934906,0.13028815388679504,0.0,0.5715035079114474,0.6206756222516292,0.0,3.9766511455711977,-0.09628263569641694,0.0,0.00537043958902359,0.0,0.0005211526155471802,0.09039104349184618,0.0,0.0
115,38.13169479370117,33.824180603027344,0.35927122831344604,0.242875874042511,49.087982177734375,3.0812788009643555,246.50230407714844,1.4616570472717285,0.0,1.0,3.712412714958191,0.11400222778320312,0.0,0.5816420709095882,0.6212216117414596,0.0,2.9520196094923747,-0.09588144385101774,0.0,0.0055686190724372866,0.0,0.0004560089111328125,0.08985681586744763,0.0,0.0
116,39.12592315673828,29.841535568237305,0.3478870689868927,0.2454105168581009,49.20198440551758,3.0812788009643555,246.50230407714844,1.481074333190918,0.0,1.0,3.4589484333992004,0.09975194931030273,0.0,0.5773356953878995,0.6216980689329685,0.0,3.781926336737012,-0.09563574223129663,0.0,0.0051884226500988,0.0,0.0003990077972412109,0.09004831178395661,0.0,0.0
117,37.70539093017578,32.81106185913086,0.2492939978837967,0.2443339228630066,49.301734924316406,3.0812788009643555,246.50230407714844,1.499544620513916,0.0,1.0,3.5666078329086304,0.08728310465812683,0.0,0.5794006484298735,0.6221139806887279,0.0,3.4117360595701,-0.09562331271206538,0.0,0.0053499117493629456,0.0,0.00034913241863250734,0.08992426854406993,0.0,0.0
118,38.083900451660156,33.250732421875,0.31759852170944214,0.24485015869140625,49.38901901245117,3.0812788009643555,246.50230407714844,1.518267273902893,0.0,1.0,3.5149842500686646,0.07637262344360352,0.0,0.5788125030020891,0.6224771641791179,0.0,3.5590941323338674,-0.09551348350981707,0.0,0.005272476375102996,0.0,0.00030549049377441405,0.08993551664093967,0.0,0.0
119,39.24134826660156,32.691104888916016,0.28585150837898254,0.24470312893390656,49.46539306640625,3.0812788009643555,246.50230407714844,1.5377614498138428,0.0,1.0,3.529687225818634,0.06682589650154114,0.0,0.5708078254030405,0.6227943795458367,0.0,4.130039000762563,7.299187398137163,0.0,0.005294530838727951,0.0,0.00026730358600616453,0.09031988975255614,0.0,7.395069122314453
